date,portfolio_value,WBA_shares,WBA_value,AZO_shares,AZO_value,BBY_shares,BBY_value,CCL_shares,CCL_value,COST_shares,COST_value,CTAS_shares,CTAS_value,DRI_shares,DRI_value,FDS_shares,FDS_value,STZ_shares,STZ_value,KMX_shares,KMX_value,WDC_shares,WDC_value,AAPL_shares,AAPL_value,JKHY_shares,JKHY_value,EL_shares,EL_value,CHRW_shares,CHRW_value,PAYX_shares,PAYX_value,ORCL_shares,ORCL_value,NKE_shares,NKE_value,MU_shares,MU_value,GWW_shares,GWW_value,VLO_shares,VLO_value,TRV_shares,TRV_value,CVX_shares,CVX_value,DE_shares,DE_value,COP_shares,COP_value,GRMN_shares,GRMN_value,EOG_shares,EOG_value,DVN_shares,DVN_value,APA_shares,APA_value,ADM_shares,ADM_value,AES_shares,AES_value,XOM_shares,XOM_value,CTRA_shares,CTRA_value,FCX_shares,FCX_value,F_shares,F_value,SYY_shares,SYY_value,J_shares,J_value,SYK_shares,SYK_value,CMI_shares,CMI_value,EMN_shares,EMN_value,HAS_shares,HAS_value,GPC_shares,GPC_value,ETN_shares,ETN_value,CVS_shares,CVS_value,TXT_shares,TXT_value,EA_shares,EA_value,CSGP_shares,CSGP_value,DECK_shares,DECK_value,GLW_shares,GLW_value,NVR_shares,NVR_value,FFIV_shares,FFIV_value,EBAY_shares,EBAY_value,CTSH_shares,CTSH_value,FAST_shares,FAST_value,RMD_shares,RMD_value,DLTR_shares,DLTR_value,EXPD_shares,EXPD_value,WSM_shares,WSM_value,RL_shares,RL_value,FDX_shares,FDX_value,PWR_shares,PWR_value,NEM_shares,NEM_value,LVS_shares,LVS_value,MOS_shares,MOS_value,MPWR_shares,MPWR_value,VZ_shares,VZ_value,HRL_shares,HRL_value,GE_shares,GE_value,PHM_shares,PHM_value,FSLR_shares,FSLR_value,PCAR_shares,PCAR_value,KLAC_shares,KLAC_value,DD_shares,DD_value,LRCX_shares,LRCX_value,LUV_shares,LUV_value,INTC_shares,INTC_value,TER_shares,TER_value,DHI_shares,DHI_value,AMP_shares,AMP_value,JBHT_shares,JBHT_value,STLD_shares,STLD_value,LULU_shares,LULU_value,QCOM_shares,QCOM_value,CF_shares,CF_value,WST_shares,WST_value,ACGL_shares,ACGL_value,MHK_shares,MHK_value,NUE_shares,NUE_value,LEN_shares,LEN_value,FANG_shares,FANG_value,OXY_shares,OXY_value,EPAM_shares,EPAM_value,run
2005-08-31,0.0,,,,,,,,,,,,,,,,,,,,,,,,,,,,,,,,,,,,,,,,,,,,,,,,,,,,,,,,,,,,,,,,,,,,,,,,,,,,,,,,,,,,,,,,,,,,,,,,,,,,,,,,,,,,,,,,,,,,,,,,,,,,,,,,,,,,,,,,,,,,,,,,,,,,,,,,,,,,,,,,,,,,,,,,,,,,,,,,,,,,,,,,,62
2005-09-30,100.0,0.3955517329832662,10.0,0.1201201201201201,10.0,0.3979059785015048,10.0,0.2997015834529385,10.0,0.341849133823274,10.0,1.278964666237286,10.0,0.6567907776597081,10.0,0.3500972288265291,10.0,0.4457773385182882,10.0,0.6395906526133238,10.0,,,,,,,,,,,,,,,,,,,,,,,,,,,,,,,,,,,,,,,,,,,,,,,,,,,,,,,,,,,,,,,,,,,,,,,,,,,,,,,,,,,,,,,,,,,,,,,,,,,,,,,,,,,,,,,,,,,,,,,,,,,,,,,,,,,,,,,,,,,,,,,,,,,,,,,,,,,,,,,,,,,,,62
2005-10-31,99.67260668070368,0.3955517329832662,10.45569538122614,0.1201201201201201,9.717717901006475,0.3979059785015048,10.186595080910411,0.2997015834529385,9.937976415237788,0.341849133823274,11.225347568701316,1.278964666237286,9.875762192751314,0.6567907776597081,10.67500858902315,0.3500972288265291,9.951756526010456,0.4457773385182882,9.053846339593688,0.6395906526133238,8.592900686242924,,,,,,,,,,,,,,,,,,,,,,,,,,,,,,,,,,,,,,,,,,,,,,,,,,,,,,,,,,,,,,,,,,,,,,,,,,,,,,,,,,,,,,,,,,,,,,,,,,,,,,,,,,,,,,,,,,,,,,,,,,,,,,,,,,,,,,,,,,,,,,,,,,,,,,,,,,,,,,,,,,,,,62
2005-11-30,106.4036921897252,0.3955517329832662,10.513233141701749,0.1201201201201201,10.697897604635886,0.3979059785015048,11.102608814179652,0.2997015834529385,10.902363072169884,0.341849133823274,11.592019312473038,1.278964666237286,10.894036401074985,0.6567907776597081,11.860621372370874,0.3500972288265291,10.987508461321852,0.4457773385182882,9.08461613807017,,,0.97035971457049,8.768787871727117,,,,,,,,,,,,,,,,,,,,,,,,,,,,,,,,,,,,,,,,,,,,,,,,,,,,,,,,,,,,,,,,,,,,,,,,,,,,,,,,,,,,,,,,,,,,,,,,,,,,,,,,,,,,,,,,,,,,,,,,,,,,,,,,,,,,,,,,,,,,,,,,,,,,,,,,,,,,,,,,,,,62
2005-12-31,109.11388854680538,0.3955517329832662,10.200734839225628,0.1201201201201201,11.02102102102102,0.3979059785015048,10.007079442915844,0.2997015834529385,10.748489110459854,0.341849133823274,11.50749203355271,1.278964666237286,10.019490447887552,0.6567907776597081,12.888228700710204,0.3500972288265291,11.695416853277058,0.4457773385182882,10.0884603010167,,,,,5.067996456460604,10.937475796738832,,,,,,,,,,,,,,,,,,,,,,,,,,,,,,,,,,,,,,,,,,,,,,,,,,,,,,,,,,,,,,,,,,,,,,,,,,,,,,,,,,,,,,,,,,,,,,,,,,,,,,,,,,,,,,,,,,,,,,,,,,,,,,,,,,,,,,,,,,,,,,,,,,,,,,,,,,,,,,,,,62
2006-01-31,112.34870006745894,0.3955517329832662,9.974870610957703,0.1201201201201201,11.74174174174174,0.3979059785015048,11.680965451438194,0.2997015834529385,10.404743019016935,0.341849133823274,11.60519153118012,1.278964666237286,10.377589235471795,0.6567907776597081,13.478279088602076,0.3500972288265291,11.331709391681626,0.4457773385182882,10.265381753302892,,,,,5.067996456460604,11.488228244065846,,,,,,,,,,,,,,,,,,,,,,,,,,,,,,,,,,,,,,,,,,,,,,,,,,,,,,,,,,,,,,,,,,,,,,,,,,,,,,,,,,,,,,,,,,,,,,,,,,,,,,,,,,,,,,,,,,,,,,,,,,,,,,,,,,,,,,,,,,,,,,,,,,,,,,,,,,,,,,,,,62
2006-03-31,112.88741218184698,0.3955517329832662,9.954737223303608,,,0.3979059785015048,12.89609627313778,0.2997015834529385,9.568122591557128,,,1.278964666237286,10.470131509142714,0.6567907776597081,13.60092877327453,,,0.4457773385182882,9.634613213200549,0.7154648433529003,11.690695649557664,,,,,0.6555806999454177,11.690695649557664,0.8019338968778645,11.690695649557664,0.3652660505440822,11.690695649557664,,,,,,,,,,,,,,,,,,,,,,,,,,,,,,,,,,,,,,,,,,,,,,,,,,,,,,,,,,,,,,,,,,,,,,,,,,,,,,,,,,,,,,,,,,,,,,,,,,,,,,,,,,,,,,,,,,,,,,,,,,,,,,,,,,,,,,,,,,,,,,,,,,,,,,,,,,,62
2006-04-30,111.50802558909636,0.3955517329832662,9.677766209466904,,,0.3979059785015048,13.06441215350916,0.2997015834529385,9.457028108684812,,,1.278964666237286,10.312906489333006,0.6567907776597081,13.126907397333378,,,0.4457773385182882,9.499997789342729,0.7154648433529003,12.631532300666176,,,,,0.6555806999454177,11.476000872985953,0.8019338968778645,11.668690526405056,0.3652660505440822,10.59278374136919,,,,,,,,,,,,,,,,,,,,,,,,,,,,,,,,,,,,,,,,,,,,,,,,,,,,,,,,,,,,,,,,,,,,,,,,,,,,,,,,,,,,,,,,,,,,,,,,,,,,,,,,,,,,,,,,,,,,,,,,,,,,,,,,,,,,,,,,,,,,,,,,,,,,,,,,,,,62
2006-05-31,105.72975263940208,,,,,0.3979059785015048,12.237748306071762,,,0.270519390888334,9.76606021511282,1.278964666237286,10.40625743454868,0.6567907776597081,11.796194773050916,,,,,,,,,,,0.6555806999454177,9.58974524376077,0.8019338968778645,12.869505806405858,,,0.504935393147274,9.76606021511282,0.8552252061821126,9.76606021511282,1.2480228714522603,9.76606021511282,0.6038053345311107,9.76606021511282,,,,,,,,,,,,,,,,,,,,,,,,,,,,,,,,,,,,,,,,,,,,,,,,,,,,,,,,,,,,,,,,,,,,,,,,,,,,,,,,,,,,,,,,,,,,,,,,,,,,,,,,,,,,,,,,,,,,,,,,,,,,,,,,,,,,,,,,,,,,,,,,,,,62
2006-06-30,107.40695560685243,,,,,,,,,,,1.278964666237286,9.76753559420252,0.6567907776597081,13.125392847982276,,,,,,,,,,,,,,,,,0.504935393147274,10.369957698414453,0.8552252061821126,9.951491572998496,1.2480228714522603,9.849971619218667,,,0.199585073237495,10.868521254807211,0.3155305307560549,10.868521254807211,0.3853277257981248,10.868521254807211,0.3671400226756858,10.868521254807211,0.3778099630460597,10.868521254807211,,,,,,,,,,,,,,,,,,,,,,,,,,,,,,,,,,,,,,,,,,,,,,,,,,,,,,,,,,,,,,,,,,,,,,,,,,,,,,,,,,,,,,,,,,,,,,,,,,,,,,,,,,,,,,,,,,,,,,,,,,,,,,,,,,,,,,,,,62
2006-07-31,101.1661506377973,,,,,,,,,,,1.278964666237286,8.671881398743192,0.6567907776597081,11.25985388795404,,,,,,,,,,,,,,,,,0.504935393147274,9.092999542259877,0.8552252061821126,10.281153120217924,1.2480228714522603,9.625235475524278,,,0.199585073237495,8.970177466438326,0.3155305307560549,11.017203751229683,0.3853277257981248,11.23431316006502,0.3671400226756858,11.519999981606103,0.3778099630460597,9.49333285375886,,,,,,,,,,,,,,,,,,,,,,,,,,,,,,,,,,,,,,,,,,,,,,,,,,,,,,,,,,,,,,,,,,,,,,,,,,,,,,,,,,,,,,,,,,,,,,,,,,,,,,,,,,,,,,,,,,,,,,,,,,,,,,,,,,,,,,,,,62
2006-08-31,102.38618967153484,0.3508300002755583,10.141550407402598,,,,,,,,,,,,,,,,,0.5381560507787229,10.141550407402598,,,,,,,,,,,,,,,1.2480228714522603,9.839669779424646,,,0.199585073237495,9.65063386645292,,,0.3853277257981248,10.768257317793903,0.3671400226756858,11.27832626344779,,,0.3988647728833339,10.141550407402598,0.4006947248033068,10.141550407402598,0.4447594652136182,10.141550407402598,0.2577629390411412,10.141550407402598,,,,,,,,,,,,,,,,,,,,,,,,,,,,,,,,,,,,,,,,,,,,,,,,,,,,,,,,,,,,,,,,,,,,,,,,,,,,,,,,,,,,,,,,,,,,,,,,,,,,,,,,,,,,,,,,,,,,,,,,,,,,,,,,,62
2006-09-30,104.21666928242848,,,,,,,,,,,,,,,,,,,,,0.9349788104369458,10.24986891916004,,,,,0.6483572282076483,10.24986891916004,,,,,,,,,,,,,,,0.3853277257981248,11.50167777913268,0.3671400226756858,11.447912002300216,0.3527901670825693,10.24986891916004,0.3988647728833339,9.517997066875315,,,,,,,0.2229895370193734,10.24986891916004,0.4351765419272697,10.24986891916004,0.7686394137343112,10.24986891916004,0.2944622618682583,10.24986891916004,,,,,,,,,,,,,,,,,,,,,,,,,,,,,,,,,,,,,,,,,,,,,,,,,,,,,,,,,,,,,,,,,,,,,,,,,,,,,,,,,,,,,,,,,,,,,,,,,,,,,,,,,,,,,,,,,,,,,,,,,62
2006-10-31,108.14831810226406,,,,,,,,,,,,,,,,,,,0.4853922111139683,10.751437291011964,0.9349788104369458,10.351799635402925,,,,,0.6483572282076483,10.265116730713611,,,,,,,,,,,,,,,0.3853277257981248,12.615570123136898,0.3671400226756858,11.860929122001917,,,0.3988647728833339,9.631520550675107,,,,,0.2550370392449942,10.751437291011964,,,0.4351765419272697,10.41763277628573,,,,,2.274136385834088,10.751437291011964,0.5234522092585149,10.751437291011964,,,,,,,,,,,,,,,,,,,,,,,,,,,,,,,,,,,,,,,,,,,,,,,,,,,,,,,,,,,,,,,,,,,,,,,,,,,,,,,,,,,,,,,,,,,,,,,,,,,,,,,,,,,,,,,,,,,,,62
2006-11-30,114.84949419596448,,,0.0985652504366679,11.197998162269302,,,,,,,,,,,,,,,,,0.9349788104369458,11.620292468058368,,,,,0.6483572282076483,10.493858018561044,,,,,,,,,,,,,,,0.3853277257981248,12.783349902974605,0.3671400226756858,12.76461984020064,,,0.3988647728833339,10.82295453806735,,,,,0.2550370392449942,11.801811166433955,,,0.4351765419272697,9.497637055903963,,,,,2.274136385834088,12.62496104805204,0.5234522092585149,11.242011995443203,,,,,,,,,,,,,,,,,,,,,,,,,,,,,,,,,,,,,,,,,,,,,,,,,,,,,,,,,,,,,,,,,,,,,,,,,,,,,,,,,,,,,,,,,,,,,,,,,,,,,,,,,,,,,,,,,,,,,62
2006-12-31,113.00433267708466,,,,,,,,,,,,,,,,,,,,,0.9349788104369458,11.586315562644073,,,,,0.6483572282076483,10.374401988338777,,,,,,,,,,,,,,,0.3853277257981248,13.24720749690156,,,,,,,,,,,0.2550370392449942,10.790041530350804,0.230334657495943,11.167727683141573,,,0.7747736671604479,11.167727683141573,,,,,,,2.8581333901885433,11.167727683141573,0.5251629802509927,11.167727683141573,0.3483310461616829,11.167727683141573,0.2522668106423794,11.16772768314157,,,,,,,,,,,,,,,,,,,,,,,,,,,,,,,,,,,,,,,,,,,,,,,,,,,,,,,,,,,,,,,,,,,,,,,,,,,,,,,,,,,,,,,,,,,,,,,,,,,,,,,,,,,,,62
2007-01-31,117.5953926777936,,,,,,,,,,,,,,,,,,,,,0.9349788104369458,11.099304929496585,,,,,0.6483572282076483,12.217643519306607,,,,,,,,,,,,,,,0.3853277257981248,12.60965227102484,,,0.3221986458501314,11.292174888037277,,,,,,,,,0.230334657495943,12.252435006928064,,,0.7747736671604479,10.534353077099086,,,,,,,2.8581333901885433,12.089698502517372,0.5251629802509927,10.49632605294676,0.3483310461616829,12.40173941948314,0.2522668106423794,12.602065010953895,,,,,,,,,,,,,,,,,,,,,,,,,,,,,,,,,,,,,,,,,,,,,,,,,,,,,,,,,,,,,,,,,,,,,,,,,,,,,,,,,,,,,,,,,,,,,,,,,,,,,,,,,,,,,62
2007-03-31,118.29350505598543,,,,,,,,,,,,,,,,,,,,,,,,,,,,,,,,,,,,,,,0.209155867252588,11.84007760439841,,,,,0.3281763178155003,11.84007760439841,,,0.4270350364089352,11.84007760439841,,,0.4708766810589528,11.84007760439841,,,,,,,,,,,1.9656885735220793,11.84007760439841,,,2.8581333901885433,11.732806616399778,,,,,,,0.496449666943178,11.84007760439841,0.6403998837402023,11.84007760439841,0.7365005802387908,11.84007760439841,0.4290101633032616,11.84007760439841,,,,,,,,,,,,,,,,,,,,,,,,,,,,,,,,,,,,,,,,,,,,,,,,,,,,,,,,,,,,,,,,,,,,,,,,,,,,,,,,,,,,,,,,,,,,,,,,,,,,,62
2007-04-30,127.02229745758436,,,,,,,,,,,,,,,,,,,,,,,,,,,,,,,,,,,,,,,0.209155867252588,12.664767386936834,,,,,0.3281763178155003,12.4532186389169,,,0.4270350364089352,12.01330727698006,,,0.4708766810589528,12.188601683190395,,,,,,,,,,,1.9656885735220793,12.81092896680384,,,2.8581333901885433,11.955865237729451,,,,,,,0.496449666943178,15.079903881170749,0.6403998837402023,12.748914150526554,0.7365005802387908,13.077036375011025,0.4290101633032616,12.029753860318552,,,,,,,,,,,,,,,,,,,,,,,,,,,,,,,,,,,,,,,,,,,,,,,,,,,,,,,,,,,,,,,,,,,,,,,,,,,,,,,,,,,,,,,,,,,,,,,,,,,,,62
2007-05-31,132.59514117412,,,0.1123989326402732,14.45787525434126,,,,,,,,,,,,,,,,,,,,,,,,,,,,,,,1.2975586590675494,14.457875254341262,,,,,,,,,0.3281763178155003,13.045544443499486,,,0.4270350364089352,13.41297657632738,,,0.4708766810589528,12.778140566807622,,,,,,,,,,,1.9656885735220793,13.71845731368631,,,2.8581333901885433,12.401977028931986,,,,,,,,,0.6403998837402023,12.458905179890596,0.7365005802387908,13.368607656317833,0.4290101633032616,12.49478189997626,,,,,,,,,,,,,,,,,,,,,,,,,,,,,,,,,,,,,,,,,,,,,,,,,,,,,,,,,,,,,,,,,,,,,,,,,,,,,,,,,,,,,,,,,,,,,,,,,,,,,62
2007-06-30,133.84838051256335,,,0.1123989326402732,15.355941628491218,,,,,,,,,,,,,,,,,,,,,,,,,,,,,,,1.2975586590675494,14.850211971501814,,,0.1800302652446874,12.3283989981221,,,,,0.3281763178155003,13.583367821276896,,,0.4270350364089352,13.67637761994122,,,,,0.2487345583154322,12.3283989981221,,,,,,,,,,,0.4259852956790765,12.3283989981221,2.8581333901885433,14.007989835029056,,,,,,,0.368822310977348,12.3283989981221,,,0.7365005802387908,13.060895643834757,,,,,,,,,,,,,,,,,,,,,,,,,,,,,,,,,,,,,,,,,,,,,,,,,,,,,,,,,,,,,,,,,,,,,,,,,,,,,,,,,,,,,,,,,,,,,,,,,,,,,,,62
2007-07-31,132.61361237376735,,,0.1123989326402732,14.253308373701593,,,,,,,,,,,,,,,,,,,,,,,,,,,,,,,1.2975586590675494,14.429363206512992,,,0.1800302652446874,11.574519515366129,,,,,0.3281763178155003,13.747841563321728,,,0.4270350364089352,14.084046992772771,,,,,0.2487345583154322,11.76997974306369,,,,,,,,,,,0.4259852956790765,13.989652926000629,2.8581333901885433,12.654773347182967,,,,,,,0.368822310977348,14.4588619418878,,,0.7365005802387908,11.651264763957055,,,,,,,,,,,,,,,,,,,,,,,,,,,,,,,,,,,,,,,,,,,,,,,,,,,,,,,,,,,,,,,,,,,,,,,,,,,,,,,,,,,,,,,,,,,,,,,,,,,,,,,62
2007-08-31,131.43613540759182,,,,,,,,,,,,,,,,,,,,,,,,,,,,,0.4297134535058044,14.017060604847732,,,,,,,1.2533986835083928,14.017060604847732,0.1800302652446874,12.137601694537771,,,,,0.3281763178155003,14.15095621420774,,,0.4270350364089352,14.338851753858192,,,,,0.2487345583154322,11.880400868435242,,,,,,,,,,,0.4259852956790765,13.058061154966284,2.8581333901885433,11.613843562936715,,,,,,,0.368822310977348,14.424754770017712,,,0.7365005802387908,11.7975441789367,,,,,,,,,,,,,,,,,,,,,,,,,,,,,,,,,,,,,,,,,,,,,,,,,,,,,,,,,,,,,,,,,,,,,,,,,,,,,,,,,,,,,,,,,,,,,,,,,,,,,,,62
2007-09-30,140.49208257079383,,,,,,,,,,,,,,,,,,,,,,,,,,,,,,,,,,,,,1.2533986835083928,13.58859069432055,0.1800302652446874,12.130720349712975,,,,,0.3281763178155003,15.196308403742291,,,0.4270350364089352,15.368426410864863,,,,,0.2487345583154322,13.125071847097928,,,,,,,,,2.156014019944733,13.5886037646579,0.4259852956790765,15.66758752961519,2.8581333901885433,12.625032924533253,,,,,,,0.368822310977348,15.613136881590972,,,,,,,0.4407727314697469,13.588603764657895,,,,,,,,,,,,,,,,,,,,,,,,,,,,,,,,,,,,,,,,,,,,,,,,,,,,,,,,,,,,,,,,,,,,,,,,,,,,,,,,,,,,,,,,,,,,,,,,,,,62
2007-10-31,142.77992563466267,,,,,,,,,,,,,,,,,,,,,,,,,,,,,,,,,,,,,1.2533986835083928,12.866316021319708,0.1800302652446874,11.961767538762098,,,,,0.3281763178155003,14.860160029378294,,,0.4270350364089352,14.876400416003436,,,,,0.2487345583154322,14.76047329238012,,,,,,,,,2.156014019944733,15.339358677684242,0.4259852956790765,17.57804571547468,2.8581333901885433,13.190113220655665,,,,,,,0.368822310977348,14.645021930584733,,,,,,,0.4407727314697469,12.70226879241973,,,,,,,,,,,,,,,,,,,,,,,,,,,,,,,,,,,,,,,,,,,,,,,,,,,,,,,,,,,,,,,,,,,,,,,,,,,,,,,,,,,,,,,,,,,,,,,,,,,62
2007-11-30,129.16652404453998,,,,,,,,,,,,,,,,,,,,,,,,,,,,,,,,,,,,,1.2533986835083928,10.185321415813428,0.1800302652446874,11.746261949338791,,,,,0.3281763178155003,14.25283153546198,,,0.4270350364089352,14.082996281718986,,,,,0.2487345583154322,13.08687695837101,,,,,,,,,2.156014019944733,13.302608723685012,0.4259852956790765,14.816830816949176,2.8581333901885433,11.167727683141573,,,,,,,0.368822310977348,14.271448364784954,,,,,,,0.4407727314697469,12.25362031527507,,,,,,,,,,,,,,,,,,,,,,,,,,,,,,,,,,,,,,,,,,,,,,,,,,,,,,,,,,,,,,,,,,,,,,,,,,,,,,,,,,,,,,,,,,,,,,,,,,,62
2007-12-31,135.320169535644,,,,,,,,,,,2.30131866674994,15.002518177005676,,,,,,,,,,,,,,,,,,,,,,,,,1.2533986835083928,8.87543243652874,0.1800302652446874,11.689012182144705,,,,,0.3281763178155003,15.257629893364625,,,0.4270350364089352,15.536333295278691,,,,,,,,,,,,,,,,,,,2.8581333901885433,10.007830756839644,,,,,,,0.368822310977348,15.58245421497341,0.8236846073560045,15.002518177005674,,,,,0.4407727314697469,13.363922225497198,0.557879903374835,15.002518177005674,,,,,,,,,,,,,,,,,,,,,,,,,,,,,,,,,,,,,,,,,,,,,,,,,,,,,,,,,,,,,,,,,,,,,,,,,,,,,,,,,,,,,,,,,,,,,,,,,62
2008-01-31,125.62113246765536,,,,,,,,,,,2.30131866674994,14.645527988717738,,,,,,,,,,,,,,,,,,,,,,,,,1.2533986835083928,8.557140059013014,0.1800302652446874,10.601855846361143,,,,,0.3281763178155003,13.609741457474632,,,0.4270350364089352,14.095306705646834,,,,,,,,,,,,,,,,,,,2.8581333901885433,9.873998173483828,,,,,,,0.368822310977348,11.830286840934452,0.8236846073560045,16.337305832472815,,,,,0.4407727314697469,11.38449041725094,0.557879903374835,14.685479146299976,,,,,,,,,,,,,,,,,,,,,,,,,,,,,,,,,,,,,,,,,,,,,,,,,,,,,,,,,,,,,,,,,,,,,,,,,,,,,,,,,,,,,,,,,,,,,,,,,62
2008-02-29,125.36482170391096,0.510752004075443,11.0243448141018,,,,,,,,,,,,,,,,,,,,,,,,,,,,,,,,,0.9232763750105114,11.0243448141018,,,0.1800302652446874,9.8379029538357,,,,,0.3281763178155003,14.167208293057076,,,0.4270350364089352,14.55278304044663,,,,,,,,,,,,,,,,,,,2.8581333901885433,9.710420397453584,,,,,,,0.368822310977348,12.326993459606372,0.8236846073560045,16.27301360151039,,,,,0.4407727314697469,11.182828283761118,0.557879903374835,15.264982046036508,,,,,,,,,,,,,,,,,,,,,,,,,,,,,,,,,,,,,,,,,,,,,,,,,,,,,,,,,,,,,,,,,,,,,,,,,,,,,,,,,,,,,,,,,,,,,,,,,62
2008-03-31,123.56970151268878,,,,,,,,,,,,,,,,,,,,,,,,,,,,,,,,,,,,,,,,,,,,,0.3281763178155003,14.055177613335276,,,,,,,,,0.1694617642447538,11.251174083386925,,,,,,,,,,,0.3310773550021217,11.251174083386925,,,,,,,,,,,0.8236846073560045,15.442179128721495,,,,,,,0.557879903374835,15.314126186923511,0.2175923522265256,11.251174083386925,0.2313343640231926,11.251174083386925,2.616551996353311,11.251174083386925,1.8783262960436884,11.251174083386925,0.7010393388880004,11.251174083386925,,,,,,,,,,,,,,,,,,,,,,,,,,,,,,,,,,,,,,,,,,,,,,,,,,,,,,,,,,,,,,,,,,,,,,,,,,,,,,,,,,,,,,,62
2008-04-30,138.45301974675323,,,,,,,,,,,,,,,,,,,,,,,,,,,,,,,,,,,,,,,,,,,,,0.3281763178155003,15.831837046184267,,,,,,,,,0.1694617642447538,12.267390018763429,,,,,,,,,,,0.3310773550021217,13.30098070326315,,,,,,,,,,,0.8236846073560045,18.297825327872605,,,,,,,0.557879903374835,15.261196079742776,0.2175923522265256,12.438311753290035,0.2313343640231926,11.600517706303568,2.616551996353311,12.5463670221412,1.8783262960436884,14.407807168591546,0.7010393388880004,12.500786920600667,,,,,,,,,,,,,,,,,,,,,,,,,,,,,,,,,,,,,,,,,,,,,,,,,,,,,,,,,,,,,,,,,,,,,,,,,,,,,,,,,,,,,,,62
2008-05-31,141.12548618048447,,,,,,,,,0.2474816410842086,12.271629012617334,,,,,,,,,,,,,,,,,,,,,,,,,,,,,,,,,,,0.3281763178155003,16.325812861051645,,,,,,,,,0.1694617642447538,12.542165484396126,,,,,,,,,,,0.3310773550021217,13.584434367078671,,,,,,,,,,,0.8236846073560045,19.072070446037777,,,,,,,0.557879903374835,16.200246601379007,0.2175923522265256,12.75227859907722,0.2313343640231926,11.314281318494446,,,1.8783262960436884,14.266932158994804,0.7010393388880004,12.795635331357454,,,,,,,,,,,,,,,,,,,,,,,,,,,,,,,,,,,,,,,,,,,,,,,,,,,,,,,,,,,,,,,,,,,,,,,,,,,,,,,,,,,,,,,62
2008-06-30,132.5259523588269,,,,,,,,,,,,,,,,,,,,,,,,,,,,,,,,,,,,,,,0.1964783129144397,12.032427399833557,,,,,0.3281763178155003,16.431815674523286,,,0.306048061810432,12.032427399833557,,,,,0.1694617642447538,12.998680003956103,,,,,,,,,0.9890746835388676,12.032427399833557,0.3310773550021217,13.758187335644696,,,,,,,,,0.2756632391265524,12.032427399833557,0.8236846073560045,17.142704945701517,,,,,,,,,,,,,2.706957690698194,12.032427399833557,,,,,0.0240610056849271,12.032427399833557,,,,,,,,,,,,,,,,,,,,,,,,,,,,,,,,,,,,,,,,,,,,,,,,,,,,,,,,,,,,,,,,,,,,,,,,,,,,,,,,,,,,,62
2008-07-31,121.03802966134866,,,,,,,,,,,,,,,,,,,,,,,,,,,,,,,,,,,,,,,0.1964783129144397,13.166533823796552,,,,,0.3281763178155003,14.016686901865416,,,0.306048061810432,10.404562354267922,,,,,0.1694617642447538,10.27912070708537,,,,,,,,,0.9890746835388676,7.818504468428821,0.3310773550021217,11.35851935845866,,,,,,,,,0.2756632391265524,12.183015636957576,0.8236846073560045,15.016700078843218,,,,,,,,,,,,,2.706957690698194,13.5050114955181,,,,,0.0240610056849271,13.289374836127012,,,,,,,,,,,,,,,,,,,,,,,,,,,,,,,,,,,,,,,,,,,,,,,,,,,,,,,,,,,,,,,,,,,,,,,,,,,,,,,,,,,,,62
2008-08-31,123.35981084487643,,,,,,,,,,,,,,,,,,,,,,,,,,,,,,,,,,,,,,,0.1964783129144397,13.243023835950826,,,,,0.3281763178155003,14.308425613226683,,,0.306048061810432,10.578463275131687,,,,,0.1694617642447538,11.054745205810434,,,,,,,,,0.9890746835388676,7.894891154775204,0.3310773550021217,10.529659627503404,,,,,,,,,0.2756632391265524,11.966314028910988,0.8236846073560045,15.106859709136009,,,,,,,,,,,,,2.706957690698194,14.29544393632123,,,,,0.0240610056849271,14.381984458109963,,,,,,,,,,,,,,,,,,,,,,,,,,,,,,,,,,,,,,,,,,,,,,,,,,,,,,,,,,,,,,,,,,,,,,,,,,,,,,,,,,,,,62
2008-09-30,106.91299530033892,,,,,,,,,,,,,,,,,,,,,,,,,,,,,,,,,,,0.6868143348837192,9.17927801350192,,,,,,,,,0.3281763178155003,13.77532187319862,,,,,0.4908013285863933,9.17927801350192,0.2892477480782356,9.17927801350192,0.1694617642447538,9.879395116760366,,,,,,,,,,,0.3310773550021217,6.701871348463664,,,,,,,,,,,0.8236846073560045,13.789518605115187,,,,,,,,,,,,,2.706957690698194,12.28688105101512,,,,,0.0240610056849271,13.762895251778309,0.3926124184343617,9.17927801350192,,,,,,,,,,,,,,,,,,,,,,,,,,,,,,,,,,,,,,,,,,,,,,,,,,,,,,,,,,,,,,,,,,,,,,,,,,,,,,,,,,,62
2008-10-31,88.45512209518903,,,,,,,,,,,,,,,,,,,,,,,,,,,,,,,,,,,0.6868143348837192,7.93683676619204,,,,,,,,,0.3281763178155003,12.459254016526874,,,,,0.4908013285863933,6.071738951145154,0.2892477480782356,8.30300885469583,0.1694617642447538,8.774484942951272,,,,,,,,,,,0.3310773550021217,3.4257935165488296,,,,,,,,,,,0.8236846073560045,10.193957953463476,,,,,,,,,,,,,2.706957690698194,9.750461596731782,,,,,0.0240610056849271,11.794945391208705,0.3926124184343617,9.744640105725056,,,,,,,,,,,,,,,,,,,,,,,,,,,,,,,,,,,,,,,,,,,,,,,,,,,,,,,,,,,,,,,,,,,,,,,,,,,,,,,,,,,62
2008-11-30,81.94916301093672,,,,,,,,,,,,,,,,,,,,,,,,,,,,,,,,,,,0.6868143348837192,7.333619722836268,,,,,,,,,0.3281763178155003,13.195786662484752,,,,,0.4908013285863933,4.60586774330868,0.2892477480782356,8.740331337149925,0.1694617642447538,7.849944651863287,,,,,,,,,,,0.3310773550021217,2.865407166522518,,,,,,,,,,,0.8236846073560045,8.303568724611393,,,,,,,,,,,,,2.706957690698194,8.83009621423444,,,,,0.0240610056849271,10.448491718679598,0.3926124184343617,9.776049069245854,,,,,,,,,,,,,,,,,,,,,,,,,,,,,,,,,,,,,,,,,,,,,,,,,,,,,,,,,,,,,,,,,,,,,,,,,,,,,,,,,,,62
2008-12-31,78.67692676822517,,,,,,,,,,,,,,,,,,,,,,,,,,,,,,,,,,,,,,,0.1129170703809432,6.730313811512442,,,,,0.3281763178155003,12.461017934189693,,,,,0.4908013285863933,5.424968193242988,0.2892477480782356,6.844642726307491,0.1694617642447538,7.130490434193639,,,,,,,,,,,,,,,,,,,,,,,,,,,,,,,,,,,,,2.706957690698194,8.916718390493584,1.5167854584560363,6.730313811512442,,,0.0240610056849271,10.977833843747996,,,1.2786025570836177,6.730313811512443,0.8370390764235598,6.730313811512442,,,,,,,,,,,,,,,,,,,,,,,,,,,,,,,,,,,,,,,,,,,,,,,,,,,,,,,,,,,,,,,,,,,,,,,,,,,,,,,62
2009-01-31,72.18165230202798,,,,,,,,,,,,,,,,,,,,,,,,,,,,,,,,,,,,,,,0.1129170703809432,6.2275002274609665,,,,,0.3281763178155003,11.879827720530296,,,,,0.4908013285863933,4.960861058087124,0.2892477480782356,6.9669764148653375,0.1694617642447538,6.699268088118752,,,,,,,,,,,,,,,,,,,,,,,,,,,,,,,,,,,,,2.706957690698194,8.018008390713776,1.5167854584560363,4.402048002595686,,,0.0240610056849271,10.252153824176558,,,1.2786025570836177,5.795010973302312,0.8370390764235598,6.979997602177178,,,,,,,,,,,,,,,,,,,,,,,,,,,,,,,,,,,,,,,,,,,,,,,,,,,,,,,,,,,,,,,,,,,,,,,,,,,,,,,62
2009-03-31,70.71249154870038,,,,,,,,,,,,,,,,,,,,,0.5268977070204133,6.171926850781666,,,,,,,,,,,,,,,,,,,,,,,0.3281763178155003,11.431549766873626,,,,,0.4908013285863933,6.002273480663751,0.2892477480782356,5.640856854096485,,,,,,,,,,,1.453505917178707,6.171926850781665,,,,,,,,,,,,,,,,,,,,,,,,,0.3482610485931944,6.171926850781664,2.706957690698194,8.188547272517638,1.5167854584560363,4.469461589694652,,,0.0240610056849271,10.292095181727571,,,,,,,2.302732585976713,6.171926850781664,,,,,,,,,,,,,,,,,,,,,,,,,,,,,,,,,,,,,,,,,,,,,,,,,,,,,,,,,,,,,,,,,,,,,,,,,,,,,62
2009-04-30,81.5373238555468,,,,,,,,,,,,,,,,,,,,,0.5268977070204133,7.505879876261397,,,,,,,,,,,,,,,,,,,,,,,0.3281763178155003,11.23773915718472,,,,,0.4908013285863933,7.128587676875249,0.2892477480782356,6.5391100069391,,,,,,,,,,,1.453505917178707,7.905411639450617,,,,,,,,,,,,,,,,,,,,,,,,,0.3482610485931944,6.904819579099553,2.706957690698194,10.029278037512324,1.5167854584560363,4.762706498669081,,,0.0240610056849271,12.159710325506236,,,,,,,2.302732585976713,7.36408105804852,,,,,,,,,,,,,,,,,,,,,,,,,,,,,,,,,,,,,,,,,,,,,,,,,,,,,,,,,,,,,,,,,,,,,,,,,,,,,62
2009-05-31,82.5442573606251,,,,,,,,,,,,,,,,,,,,,0.5268977070204133,7.930315592409594,,,,,,,,,,,,,,,,,,,,,,,0.3281763178155003,11.334645713922477,,,,,0.4908013285863933,5.903227262230839,0.2892477480782356,7.557024431477662,,,,,,,,,,,1.453505917178707,9.198980423338996,,,,,,,,,,,,,,,,,,,,,,,,,0.3482610485931944,7.800581048461611,2.706957690698194,9.650304322232422,1.5167854584560363,4.884049219624017,,,0.0240610056849271,11.907791566613705,,,,,,,2.302732585976713,6.377337780313777,,,,,,,,,,,,,,,,,,,,,,,,,,,,,,,,,,,,,,,,,,,,,,,,,,,,,,,,,,,,,,,,,,,,,,,,,,,,,62
2009-06-30,84.15290633312941,0.3869351187382857,6.868703534143736,,,,,,,,,,,,,,,,,,,0.5268977070204133,8.456879646859795,,,,,,,,,,,,,,,,,,,,,,,0.3281763178155003,11.372184986482656,,,,,0.4908013285863933,6.740885070214983,0.2892477480782356,7.012887477295862,,,,,,,,,,,1.453505917178707,8.030650826797245,,,,,,,,,,,,,,,,,,,,,,,,,,,2.706957690698194,10.792640281835029,1.5167854584560363,5.921361976849701,0.6292518632442292,6.868703534143736,0.0240610056849271,12.08800899850667,,,,,,,,,,,,,,,,,,,,,,,,,,,,,,,,,,,,,,,,,,,,,,,,,,,,,,,,,,,,,,,,,,,,,,,,,,,,,,,,,,,,,62
2009-07-31,90.88639495236627,0.3869351187382857,7.2541921333493855,,,,,,,,,,,,,,,,,,,0.5268977070204133,9.65360900804167,,,,,,,,,,,,,,,,,,,,,,,0.3281763178155003,11.924913405916222,,,,,0.4908013285863933,7.827575723955403,0.2892477480782356,7.643756606304054,,,,,,,,,,,1.453505917178707,9.207470029232857,,,,,,,,,,,,,,,,,,,,,,,,,,,2.706957690698194,9.94265586125318,1.5167854584560363,5.6972144034804435,0.6292518632442292,7.270733625912239,0.0240610056849271,14.46427415492083,,,,,,,,,,,,,,,,,,,,,,,,,,,,,,,,,,,,,,,,,,,,,,,,,,,,,,,,,,,,,,,,,,,,,,,,,,,,,,,,,,,,,62
2009-08-31,95.57116435493133,,,,,,,,,,,1.4368082767684147,7.915360786749482,,,,,,,,,0.5268977070204133,10.939690929517091,,,,,,,,,,,,,,,,,,,,,,,0.3281763178155003,12.00559667735059,,,,,0.4908013285863933,9.301968048226843,0.2892477480782356,7.45086427155801,,,,,,,,,,,1.453505917178707,9.238918789738523,,,,,,,,,,,,,,,,,,,,,,,,,,,2.706957690698194,10.26749047435024,1.5167854584560363,5.754515735536664,0.6292518632442292,6.449564553156815,0.0240610056849271,16.247194088747033,,,,,,,,,,,,,,,,,,,,,,,,,,,,,,,,,,,,,,,,,,,,,,,,,,,,,,,,,,,,,,,,,,,,,,,,,,,,,,,,,,,,,62
2009-09-30,101.52358353287651,,,,,,,,,,,1.4368082767684147,8.743243561769438,,,,,,,,,0.5268977070204133,11.657727340253071,,,,,,,,,,,,,,,,,0.1184385727451593,8.132834103609493,,,,,0.3281763178155003,12.210690601372349,,,,,,,0.2892477480782356,8.641964990815747,,,,,,,,,,,1.453505917178707,9.377611462268089,0.3285699092756118,8.132834103609493,,,,,,,,,,,,,,,,,,,,,,,,,2.706957690698194,11.158080189652727,,,,,0.0240610056849271,15.335763075916612,,,,,,,,,0.4320081602844252,8.132834103609493,,,,,,,,,,,,,,,,,,,,,,,,,,,,,,,,,,,,,,,,,,,,,,,,,,,,,,,,,,,,,,,,,,,,,,,,,,,62
2009-10-31,103.07139925016932,,,,,,,,,,,1.4368082767684147,7.987478264561867,,,,,,,,,0.5268977070204133,10.74821254336559,,,,,,,,,,,,,,,,,0.1184385727451593,8.5305600694434,,,,,0.3281763178155003,13.27000515690649,,,,,,,0.2892477480782356,8.450518100367429,,,,,,,,,,,1.453505917178707,10.09109598953798,0.3285699092756118,8.695884712930114,,,,,,,,,,,,,,,,,,,,,,,,,2.706957690698194,10.508409672680596,,,,,0.0240610056849271,15.934882704898197,,,,,,,,,0.4320081602844252,8.854352035477653,,,,,,,,,,,,,,,,,,,,,,,,,,,,,,,,,,,,,,,,,,,,,,,,,,,,,,,,,,,,,,,,,,,,,,,,,,,62
2009-11-30,107.10417875158149,,,,,,,,,,,,,,,,,,,,,0.5268977070204133,11.756658342253491,,,,,,,,,,,,,0.6460718886287953,8.573969451185421,1.1673522628107234,8.573969451185421,0.1184385727451593,8.891876692232104,,,,,0.3281763178155003,13.53006345636194,,,,,,,0.2892477480782356,8.96485076550498,,,,,,,,,,,1.453505917178707,10.046504939297687,0.3285699092756118,9.814876049940018,,,,,,,,,,,,,,,,,,,,,,,,,2.706957690698194,10.754743039384838,,,,,0.0240610056849271,16.19666656423558,,,,,,,,,,,,,,,,,,,,,,,,,,,,,,,,,,,,,,,,,,,,,,,,,,,,,,,,,,,,,,,,,,,,,,,,,,,,,,,,,,,,,62
2009-12-31,116.6332912265632,,,,,,,,,,,,,,,,,,,,,0.5268977070204133,14.089478724914256,,,,,,,,,,,,,0.6460718886287953,8.729882994193977,1.1673522628107234,12.040044671462136,,,,,,,0.3281763178155003,13.465500814980176,,,0.4678913324987914,10.53510317017673,,,0.2892477480782356,10.08532829010779,,,,,,,,,,,,,0.3285699092756118,9.517348341355914,,,,,,,,,,,,,,,,,,,,,,,,,,,1.8642534070524164,10.53510317017673,0.7977407000488628,10.53510317017673,0.0240610056849271,17.100397879018754,,,,,,,,,,,,,,,,,,,,,,,,,,,,,,,,,,,,,,,,,,,,,,,,,,,,,,,,,,,,,,,,,,,,,,,,,,,,,,,,,,,,,62
2010-01-31,106.80966172884467,,,,,,,,,,,,,,,,,,,,,0.5268977070204133,12.123653055000291,,,,,,,,,,,,,0.6460718886287953,8.458286910953982,1.1673522628107234,9.942156877005011,,,,,,,0.3281763178155003,12.613745161379851,,,0.4678913324987914,9.901799586246186,,,0.2892477480782356,9.372205656810962,,,,,,,,,,,,,0.3285699092756118,7.905241434327821,,,,,,,,,,,,,,,,,,,,,,,,,,,1.8642534070524164,10.167430950698163,0.7977407000488628,9.86404531468023,0.0240610056849271,16.46109678174217,,,,,,,,,,,,,,,,,,,,,,,,,,,,,,,,,,,,,,,,,,,,,,,,,,,,,,,,,,,,,,,,,,,,,,,,,,,,,,,,,,,,,62
2010-03-31,120.47093568265392,,,,,,,,,,,,,,,,,,,,,0.5268977070204133,12.442781688630888,,,,,,,,,,,,,,,1.1673522628107234,11.823414935405037,,,,,,,0.3281763178155003,13.38955220401478,,,,,,,0.2892477480782356,9.648067045942645,,,,,,,,,,,,,,,,,,,,,,,,,,,,,,,,,,,,,,,,,,,,,0.0240610056849271,17.480320630099545,,,,,,,,,,,0.5642026324644347,11.137359835712209,0.3681644402665178,11.137359835712209,1.207430397326136,11.137359835712209,0.168851383934654,11.137359835712209,0.1424126501552681,11.137359835712209,,,,,,,,,,,,,,,,,,,,,,,,,,,,,,,,,,,,,,,,,,,,,,,,,,,,,,,,,,,,,,,,,62
2010-04-30,125.5048523430811,,,,,,,,,,,,,,,,,,,,,0.5268977070204133,13.112950010295425,,,,,,,,,,,,,0.7296056650351177,11.419461151944423,1.1673522628107234,10.6604567645641,,,,,,,0.3281763178155003,14.38013155779088,,,,,,,0.2892477480782356,11.639135671064455,,,,,,,,,,,,,,,,,,,,,,,,,,,,,,,,,,,,,,,,,,,,,0.0240610056849271,17.277004838348464,,,,,,,,,,,,,0.3681644402665178,12.280657017757273,1.207430397326136,12.20068174038262,0.168851383934654,11.78760874131261,0.1424126501552681,10.746764849620842,,,,,,,,,,,,,,,,,,,,,,,,,,,,,,,,,,,,,,,,,,,,,,,,,,,,,,,,,,,,,,,,,62
2010-05-31,118.39695063972148,,,,,,,,,,,,,,,,,,,,,0.5268977070204133,11.108828663151156,,,,,,,,,,,,,,,1.1673522628107234,10.364015311403836,,,,,,,0.3281763178155003,13.04347130819102,,,,,,,0.2892477480782356,10.899133290792935,,,,,,,,,,,,,,,,,,,,,,,,,,,,,,,,,,,,,,,,,,,,,0.0240610056849271,16.488526680679126,,,,,,,,,0.4252478410706637,11.1387165681683,,,0.3681644402665178,11.535550412951832,1.207430397326136,12.711685441729024,,,0.1424126501552681,9.968306394485918,0.5475155877939922,11.1387165681683,,,,,,,,,,,,,,,,,,,,,,,,,,,,,,,,,,,,,,,,,,,,,,,,,,,,,,,,,,,,,,,62
2010-06-30,108.64848987836749,,,,,,,,,,,,,,,,,,,,,0.5268977070204133,9.624884737674892,,,,,,,,,,,,,,,1.1673522628107234,9.679919650264766,,,,,,,0.3281763178155003,12.094145594402766,,,,,0.5928343243589855,10.63975622162986,,,,,,,,,,,,,,,0.4969989213189422,10.63975622162986,,,,,,,,,,,,,,,,,,,,,,,,,2.742205130878708,10.63975622162986,,,,,0.0240610056849271,15.76068125871008,,,,,,,,,,,,,,,1.207430397326136,10.559035109710196,,,0.1424126501552681,8.370798641085385,,,0.2419959058935788,10.63975622162986,,,,,,,,,,,,,,,,,,,,,,,,,,,,,,,,,,,,,,,,,,,,,,,,,,,,,,,,,,,,,62
2010-07-31,111.55020354812127,,,,,,,,,,,,,,,,,,,,,0.5268977070204133,8.421773266110112,,,,,,,,,,,,,,,1.1673522628107234,8.30033174336673,,,,,,,0.3281763178155003,13.58230120818341,,,,,0.5928343243589855,10.395452684673636,,,,,,,,,,,,,,,0.4969989213189422,12.87279419313797,,,,,,,,,,,,,,,,,,,,,,,,,2.742205130878708,12.019084806202953,,,,,0.0240610056849271,15.074220061606836,,,,,,,,,,,,,,,1.207430397326136,11.36309207687492,,,0.1424126501552681,9.870615001963026,,,0.2419959058935788,9.650538506001697,,,,,,,,,,,,,,,,,,,,,,,,,,,,,,,,,,,,,,,,,,,,,,,,,,,,,,,,,,,,,62
2010-08-31,107.87594056232224,,,,,,,,,,,,,,,,,,,,,0.5268977070204133,7.7101199707346595,,,,,,,,,,,,,,,1.1673522628107234,7.3654043462982814,,,,,,,0.3281763178155003,13.202683342686647,,,,,0.5928343243589855,9.70266757512142,,,,,,,,,,,,,,,0.4969989213189422,13.015523264921624,,,,,,,,,,,,,,,,,,,,,,,,,2.742205130878708,11.317080177630496,,,,,0.0240610056849271,14.536696548435977,,,,,,,,,,,,,,,1.207430397326136,11.106984539642998,,,,,0.5300760651601927,9.332540912258189,0.2419959058935788,10.58623988459196,,,,,,,,,,,,,,,,,,,,,,,,,,,,,,,,,,,,,,,,,,,,,,,,,,,,,,,,,,,,,62
2010-09-30,121.63449851047363,,,,,,,,,,,,,,,,,,,,,0.5268977070204133,9.06002701594963,,,,,,,,,,,,,,,1.1673522628107234,8.220521696174377,,,,,0.3451310281095427,12.653881887030526,0.3281763178155003,14.579981300769663,,,,,0.5928343243589855,11.066361333819788,,,0.2997750483211069,12.653881887030526,,,,,,,0.36309892124562,12.653881887030526,,,0.4969989213189422,15.438197728607571,,,,,,,,,,,0.516872194867712,12.653881887030527,,,,,,,,,,,,,,,,,,,,,,,,,,,,,,,,,,,,,0.1810938534179514,12.653881887030526,,,,,,,,,,,,,,,,,,,,,,,,,,,,,,,,,,,,,,,,,,,,,,,,,,,,,,,,,,,,,,,,,,,62
2010-10-31,130.64934176838173,,,,,,,,,,,,,,,,,,,,,0.5268977070204133,10.215269895954156,,,,,,,,,,,,,,,1.1673522628107234,9.417683536798393,,,,,0.3451310281095427,13.503772836659987,0.3281763178155003,14.858812992185111,,,,,0.5928343243589855,11.974280235711742,,,0.2997750483211069,12.741213737712725,,,,,,,0.36309892124562,13.61637991554358,,,0.4969989213189422,17.1376904542316,,,,,,,,,,,0.516872194867712,13.52682536207692,,,,,,,,,,,,,,,,,,,,,,,,,,,,,,,,,,,,,0.1810938534179514,13.657412801507514,,,,,,,,,,,,,,,,,,,,,,,,,,,,,,,,,,,,,,,,,,,,,,,,,,,,,,,,,,,,,,,,,,,62
2010-11-30,132.55833023482234,,,,,,,0.4253012840616508,13.207769632623885,,,,,,,,,,,,,0.5268977070204133,10.69077003249776,,,,,,,,,,,,,,,1.1673522628107234,8.288931818925219,,,,,,,0.3281763178155003,14.56559203915402,,,,,0.5928343243589855,10.55953574902387,,,0.2997750483211069,13.828779965741788,,,,,,,0.36309892124562,14.245086617395048,,,0.4969989213189422,18.376050902799044,,,,,,,,,,,0.516872194867712,13.395981637683002,,,,,,,,,,,,,,,,,,,,,,,,,,,,,,,,,,,,,0.1810938534179514,15.39983183897868,,,,,,,,,,,,,,,,,,,,,,,,,,,,,,,,,,,,,,,,,,,,,,,,,,,,,,,,,,,,,,,,,,,62
2010-12-31,144.94124076873447,,,,,,,,,,,,,,,,,,,,,0.5268977070204133,10.818422289932096,,,,,,,,,,,,,,,1.1673522628107234,9.144048612164378,,,,,,,0.3281763178155003,16.55531244500006,,,,,0.5928343243589855,11.299723813718638,,,,,,,,,,,,,,,0.4969989213189422,21.78030695723186,1.724972681478275,15.068685330137487,,,,,,,,,,,,,,,,,,,,,,,,,,,,,0.0218064381699957,15.068685330137487,,,,,,,,,,,,,,,1.185917399564265,15.068685330137487,,,0.1924075107672364,15.068685330137487,0.770808884611828,15.068685330137487,,,,,,,,,,,,,,,,,,,,,,,,,,,,,,,,,,,,,,,,,,,,,,,,,,,,,,,,,,,,,,,62
2011-01-31,148.41511288878368,,,,,,,,,,,,,,,,,,,,,0.5268977070204133,10.856716962184777,,,,,,,,,,,,,,,1.1673522628107234,12.01724036948363,,,,,,,0.3281763178155003,17.222963417683538,,,,,0.5928343243589855,11.241386585969138,,,,,,,,,,,,,,,0.4969989213189422,19.9012174801368,1.724972681478275,14.314804347005728,,,,,,,,,,,,,,,,,,,,,,,,,,,,,0.0218064381699957,16.68192520004678,,,,,,,,,,,,,,,1.185917399564265,13.595175813391828,,,0.1924075107672364,14.63288096773311,0.770808884611828,17.95080174514836,,,,,,,,,,,,,,,,,,,,,,,,,,,,,,,,,,,,,,,,,,,,,,,,,,,,,,,,,,,,,,,62
2011-03-31,156.55736660577392,,,,,,,,,,,,,,,,,,,,,0.5268977070204133,11.900261604490204,,,,,,,,,,,,,,,1.1673522628107234,13.07758474779064,,,,,,,0.3281763178155003,19.64837524192579,,,,,0.5928343243589855,12.346195892999123,,,,,,,,,,,,,,,0.4969989213189422,20.41506906034401,1.724972681478275,13.381419118034978,,,,,,,,,,,,,,,,,,,,,,,,,,,,,0.0218064381699957,16.48566725651682,,,,,,,,,,,,,,,1.185917399564265,17.179221011070933,,,0.1924075107672364,15.156169445827215,,,,,0.6285457350806328,16.9674032267742,,,,,,,,,,,,,,,,,,,,,,,,,,,,,,,,,,,,,,,,,,,,,,,,,,,,,,,,,,,62
2011-04-30,161.1470660918227,,,,,,,,,,,,,,,,,,,,,0.5268977070204133,12.701274997491364,,,,,,,,,,,,,,,1.1673522628107234,12.906562502416678,,,,,,,0.3281763178155003,20.004816806718672,,,,,0.5928343243589855,12.48110468976592,,,,,,,,,,,,,,,0.4969989213189422,20.22028614645932,1.724972681478275,13.884011923663294,,,,,,,,,,,,,,,,,,,,,,,,,,,,,0.0218064381699957,16.12215430489161,,,,,,,,,,,,,,,1.185917399564265,18.4135805016788,,,0.1924075107672364,15.520857366378037,,,,,0.6285457350806328,18.89241685235897,,,,,,,,,,,,,,,,,,,,,,,,,,,,,,,,,,,,,,,,,,,,,,,,,,,,,,,,,,,62
2011-05-31,152.21330037141234,,,,,,,,,,,,,,,,,,,,,0.5268977070204133,11.696023017483371,,,,,,,,,,,,,,,1.1673522628107234,11.629588388052566,,,,,,,0.3281763178155003,19.17677451604888,,,,,0.5928343243589855,12.426419757830326,,,,,,,,,,,,,,,0.4969989213189422,19.066884787789583,1.724972681478275,13.390398689741607,,,,,,,,,,,,,,,,,,,,,,,,,,,,,0.0218064381699957,16.267602874816863,,,,,,,,,,,,,,,1.185917399564265,16.673960682219484,,,,,,,,,0.6285457350806328,16.694124036116335,0.2771257626735654,15.191523621313348,,,,,,,,,,,,,,,,,,,,,,,,,,,,,,,,,,,,,,,,,,,,,,,,,,,,,,,,,62
2011-06-30,146.07210029532988,,,,,,,,,,,,,,,,,,,,,0.5268977070204133,11.609856236248763,,,,,,,,,,,,,,,1.1673522628107234,8.528364187050022,,,,,,,0.3281763178155003,18.94375961570785,,,,,,,,,,,,,,,,,,,,,0.4969989213189422,19.723184846517363,,,,,,,,,,,,,,,,,,,,,,,,,2.3269901836838778,13.794397746740684,,,,,0.0218064381699957,15.820134337661552,,,,,,,,,,,,,,,1.185917399564265,15.54107149340329,,,,,,,,,,,0.2771257626735654,14.522536338518972,1.041315816875988,13.794397746740684,0.7570170368091836,13.794397746740684,,,,,,,,,,,,,,,,,,,,,,,,,,,,,,,,,,,,,,,,,,,,,,,,,,,,,62
2011-07-31,142.8843758303837,,,,,,,,,,,,,,,,,,,,,0.5268977070204133,10.997132435407302,,,,,,,,,,,,,,,1.1673522628107234,8.40294609253759,,,,,,,0.3281763178155003,19.161113330838187,,,,,0.6818459876787833,14.01847353115808,,,0.2708142156584906,14.01847353115808,,,,,,,,,,,0.4969989213189422,19.74555457564579,,,,,,,,,,,,,,,,,,,,,,,,,2.3269901836838778,13.673394150667969,,,1.267300493706457,14.018473531158078,0.0218064381699957,14.830341120654555,,,,,,,,,0.555597023722698,14.018473531158078,,,,,,,,,,,,,,,,,,,,,,,,,,,,,,,,,,,,,,,,,,,,,,,,,,,,,,,,,,,,,,,,,,,,,,,,,,,62
2011-08-31,131.85533313480607,,,,,,,,,0.2327895114606678,13.243094125621102,,,,,,,,,,,0.5268977070204133,9.411066703983568,,,,,,,,,,,,,,,1.1673522628107234,6.738319440105478,,,,,,,0.3281763178155003,18.20692651535744,,,,,0.6818459876787833,14.4051305414211,,,0.2708142156584906,12.08225891569196,,,,,,,,,,,0.4969989213189422,17.646021172397784,,,,,,,,,,,,,,,,,,,,,,,,,2.3269901836838778,11.909535831108192,,,,,0.0218064381699957,13.879797895202325,,,,,,,,,0.555597023722698,14.333181993917142,,,,,,,,,,,,,,,,,,,,,,,,,,,,,,,,,,,,,,,,,,,,,,,,,,,,,,,,,,,,,,,,,,,,,,,,,,,62
2011-09-30,118.55725318536894,,,,,,,,,,,,,,,,,,,,,0.5268977070204133,8.20795724237403,,,,,,,,,,,,,,,,,,,,,,,0.3281763178155003,17.19228326852619,,,,,0.6818459876787833,13.648998964874725,,,0.2708142156584906,9.8752807052055,,,,,,,,,,,0.4969989213189422,11.405675347098592,,,,,,,,,,,,,,,,,,,,,,,,,2.3269901836838778,12.093368046742455,,,1.2741566964240183,10.987679170180124,0.0218064381699957,13.170652100007064,,,,,,,,,,,,,,,0.989320913291171,10.987679170180124,,,,,,,,,0.4482224242517801,10.987679170180124,,,,,,,,,,,,,,,,,,,,,,,,,,,,,,,,,,,,,,,,,,,,,,,,,,,,,,,,,,,62
2011-10-31,137.53077026191997,,,,,,,,,,,,,,,,,,,,,0.5268977070204133,8.50155592700657,,,,,,,,,,,,,,,,,,,,,,,0.3281763178155003,19.50587598301472,,,,,0.6818459876787833,14.953849002761803,,,0.2708142156584906,11.60017275173068,,,,,,,,,,,0.4969989213189422,15.080207174485915,,,,,,,,,,,,,,,,,,,,,,,,,2.3269901836838778,14.31797031615048,,,1.2741566964240183,12.703391208804666,0.0218064381699957,14.016088133764796,,,,,,,,,,,,,,,,,,,0.19354099597217,13.396479763270998,,,,,0.4482224242517801,13.455180000929351,,,,,,,,,,,,,,,,,,,,,,,,,,,,,,,,,,,,,,,,,,,,,,,,,,,,,,,,,,,62
2011-11-30,139.7839056922991,,,,,,,,,,,,,,,,,,,,,0.5268977070204133,9.277035853588,,,,,,,,,,,,,,,,,,,,,,,0.3281763178155003,19.09180476194773,,,,,0.6818459876787833,15.910474938687948,,,0.2708142156584906,11.691259941247989,,,,,,,,,,,0.4969989213189422,14.938341685346384,,,,,,,,,,,,,,,,,,,,,,,,,2.3269901836838778,15.483792229517604,,,,,0.0218064381699957,14.607042075787938,,,,,,,,,,,,,,,,,,,0.19354099597217,13.60110707666992,,,,,0.4482224242517801,13.386404539038594,0.2887784864189203,11.796642590466988,,,,,,,,,,,,,,,,,,,,,,,,,,,,,,,,,,,,,,,,,,,,,,,,,,,,,,,,,62
2011-12-31,139.74181404992456,,,,,,,,,,,,,,,,,,,,,0.5268977070204133,9.87699442868603,,,,,,,,,,,,,,,,,,,,,,,0.3281763178155003,19.912737550554255,,,,,,,0.3902103104783274,13.950237414128251,0.2708142156584906,11.073300752971628,,,,,,,,,1.0118827398441148,13.950237414128251,0.4969989213189422,13.878321006267418,,,,,,,,,,,,,,,,,,,,,,,,,2.3269901836838778,15.528005167282284,,,1.532825190292926,13.950237414128257,,,,,,,,,,,0.6593353185107445,13.950237414128257,,,,,,,,,0.19354099597217,13.671505487649908,,,,,,,,,,,,,,,,,,,,,,,,,,,,,,,,,,,,,,,,,,,,,,,,,,,,,,,,,,,,,,,,,62
2012-01-31,144.4793879188783,,,,,,,,,,,,,,,,,,,,,0.5268977070204133,11.60028382440762,,,,,,,,,,,,,,,,,,,,,,,0.3281763178155003,19.298891700106616,,,,,,,0.3902103104783274,15.030731645349976,0.2708142156584906,11.426812562179702,,,,,,,,,1.0118827398441148,11.72628614440958,0.4969989213189422,17.43183182175078,,,,,,,,,,,,,,,,,,,,,,,,,2.3269901836838778,13.187052944851906,,,1.532825190292926,13.832017429320889,,,,,,,,,,,0.6593353185107445,15.943911587764516,,,,,,,,,0.19354099597217,15.001568258736729,,,,,,,,,,,,,,,,,,,,,,,,,,,,,,,,,,,,,,,,,,,,,,,,,,,,,,,,,,,,,,,,,62
2012-02-29,150.02793847667357,,,0.0384761539955378,14.40855057096065,,,,,,,,,,,,,,,,,0.5268977070204133,12.525752641030342,,,,,,,,,,,,,,,,,,,,,,,0.3281763178155003,20.421782405100377,,,,,,,0.3902103104783274,16.149024225624036,0.2708142156584906,13.128032745387015,,,,,,,,,,,0.4969989213189422,16.154415824404154,,,,,,,,,,,,,,,,,,,,,,,,,,,,,1.532825190292926,14.014728351285076,0.0208216048713304,14.40855057096065,,,,,,,,,,,,,,,,,,,,,,,,,,,,,,,,,1.3637276400337757,14.40855057096065,0.2044025949774183,14.40855057096065,,,,,,,,,,,,,,,,,,,,,,,,,,,,,,,,,,,,,,,,,,,,,,,,,62
2012-03-31,151.25751305479915,,,0.0384761539955378,14.30543358586134,,,,,,,,,,,,,,,,,,,,,,,,,,,,,,,,,1.8657122607655137,14.760186618128657,,,,,,,0.3281763178155003,20.218119395123047,,,,,,,,,0.2708142156584906,12.73585606630036,,,,,,,,,,,0.4969989213189422,14.43877192304955,,,,,,,,,,,,,,,,,,,,,,,,,2.1376084242781404,14.760186618128657,,,1.532825190292926,15.215458179171511,0.0208216048713304,15.123356622031396,,,,,,,,,,,,,,,,,,,,,,,,,0.4009916519270404,14.760186618128657,,,,,,,1.3637276400337757,14.939957428875994,,,,,,,,,,,,,,,,,,,,,,,,,,,,,,,,,,,,,,,,,,,,,,,,,,,62
2012-04-30,150.83532604004006,,,0.0384761539955378,15.24271330777614,,,,,,,,,,,,,,,,,,,,,,,,,,,,,,,,,1.8657122607655137,12.008597495700174,,,,,,,0.3281763178155003,20.09553275107698,,,,,,,,,0.2708142156584906,12.543707355401647,,,,,,,,,,,0.4969989213189422,14.53745827998297,,,,,,,,,,,,,,,,,,,,,,,,,2.1376084242781404,15.581027877952328,,,1.532825190292926,15.507232270421836,0.0208216048713304,16.322888973664764,,,,,,,,,,,,,,,1.042588012141254,14.70715211366351,,,,,,,,,0.4009916519270404,14.289015614399702,,,,,,,,,,,,,,,,,,,,,,,,,,,,,,,,,,,,,,,,,,,,,,,,,,,,,,,,,,,62
2012-05-31,138.59765881749732,,,,,,,,,,,,,,,,,,,,,,,,,,,,,,,,,,,,,,,,,,,,,0.3281763178155003,18.53971355620499,,,,,,,,,0.2708142156584906,10.688640722113163,,,,,,,,,,,0.4969989213189422,12.266176205078075,,,,,,,,,,,,,,,,,,,,,,,,,2.1376084242781404,15.794788516521916,,,1.532825190292926,14.037554608367468,0.0208216048713304,16.75722734627674,,,,,,,,,,,,,,,1.042588012141254,13.34906712319686,,,0.1670829409791008,12.636427553450318,,,,,0.4009916519270404,11.891635632837463,0.341697832132335,12.636427553450318,,,,,,,,,,,,,,,,,,,,,,,,,,,,,,,,,,,,,,,,,,,,,,,,,,,,,,,,,62
2012-06-30,144.74679778800413,,,,,,,,,,,,,,,,,,,,,,,,,,,,,,,,,,,,,,,,,,,,,0.3281763178155003,20.07469749084824,,,,,,,0.435561326668871,14.289481698376278,0.2708142156584906,10.413883262050192,,,,,,,,,,,0.4969989213189422,13.0433437077753,2.8403925549125546,14.289481698376278,,,,,,,,,,,,,,,,,,,,,,,,,,,,,0.0208216048713304,17.698364140630854,,,,,,,,,,,,,,,1.042588012141254,13.372011345616764,,,0.1670829409791008,12.986571047577648,,,0.4015556551675543,14.289481698376278,,,,,,,0.6231393522040848,14.289481698376278,,,,,,,,,,,,,,,,,,,,,,,,,,,,,,,,,,,,,,,,,,,,,,,,,,,,,62
2012-07-31,143.6354598648512,,,,,,,,,,,,,,,,,,,,,,,,,,,,,,,,,,,,,,,,,,,,,0.3281763178155003,20.85104535138972,,,,,,,0.435561326668871,15.54224721901807,0.2708142156584906,10.653835417624984,,,,,,,,,,,0.4969989213189422,12.890204246751528,2.8403925549125546,13.767970872034663,,,,,,,,,,,,,,,,,,,,,,,,,,,,,0.0208216048713304,16.115505331640346,,,,,,,,,,,,,,,,,,,0.1670829409791008,12.82169468444,,,0.4015556551675543,13.190505252357548,,,,,,,0.6231393522040848,14.514566970938414,1.276094030237715,13.28788451865594,,,,,,,,,,,,,,,,,,,,,,,,,,,,,,,,,,,,,,,,,,,,,,,,,,,62
2012-08-31,149.26970976694872,,,,,,,,,,,,,,,,,,,,,,,,,,,,,,,,,,,,,,,,,,,,,0.3281763178155003,21.341971554172908,,,,,,,0.435561326668871,17.206144523077647,0.2708142156584906,10.421367884976698,,,,,,,,,,,0.4969989213189422,13.956346788306607,2.8403925549125546,13.916975706652616,,,,,,,,,,,,,,,,,,,,,,,,,,,,,0.0208216048713304,17.244036569836435,,,,,,,,,,,,,,,,,,,0.1670829409791008,12.4425763120133,,,0.4015556551675543,15.03249078365129,,,,,,,0.6231393522040848,13.962689150831382,1.276094030237715,13.745110493429817,,,,,,,,,,,,,,,,,,,,,,,,,,,,,,,,,,,,,,,,,,,,,,,,,,,62
2012-09-30,156.15772897317854,,,,,,,,,,,,,,,,,,,,,,,,,,,,,,,,,,,,,,,,,,,,,0.3281763178155003,22.35676127252052,,,0.4074469394245073,15.03468388640821,,,,,,,,,,,,,,,,,0.4969989213189422,15.297485894877369,2.8403925549125546,14.77172968646184,,,,,,,,,,,,,,,,,,,0.5871934133537793,15.034683886408208,,,,,,,1.6019570885951768,15.03468388640821,0.0208216048713304,17.583845313838538,,,,,,,,,,,,,,,,,,,0.1670829409791008,12.015192395501732,,,,,,,0.334238898501728,15.03468388640821,,,,,1.276094030237715,13.993978864345728,,,,,,,,,,,,,,,,,,,,,,,,,,,,,,,,,,,,,,,,,,,,,,,,,,,62
2012-10-31,155.722000630164,,,,,,,,,,,,,,,,,,,,,,,,,,,,,,,,,,,,,,,,,,,,,0.3281763178155003,21.144555491773623,,,0.4074469394245073,15.2108482981869,,,,,,,,,,,,,,,,,0.4969989213189422,15.026929528659789,2.8403925549125546,16.719318969932917,,,,,,,,,,,,,,,,,,,0.5871934133537793,14.4938655906744,,,,,,,1.6019570885951768,13.434037603307354,0.0208216048713304,18.81731698308017,,,,,,,,,,,,,,,,,,,0.1670829409791008,13.083003980638315,,,,,,,0.334238898501728,13.659350184014675,,,,,1.276094030237715,14.132773999895829,,,,,,,,,,,,,,,,,,,,,,,,,,,,,,,,,,,,,,,,,,,,,,,,,,,62
2012-11-30,155.899478953709,,,,,,,,,,,,,,,,,,,,,,,,,,,,,,,,,,,,,,,,,,,,,0.3281763178155003,20.271850655654056,,,0.4074469394245073,15.146224164705334,,,,,,,,,,,,,,,,,0.4969989213189422,15.195434314687487,2.8403925549125546,17.236971097244158,,,,,,,,,,,,,,,,,,,0.5871934133537793,13.5049971541676,,,,,,,1.6019570885951768,13.982832753499682,0.0208216048713304,18.73611348659192,,,,,,,,,,,,,,,,,,,0.1670829409791008,12.733134555971365,,,,,,,0.334238898501728,14.175376364288187,,,,,1.276094030237715,14.916544406899224,,,,,,,,,,,,,,,,,,,,,,,,,,,,,,,,,,,,,,,,,,,,,,,,,,,62
2012-12-31,160.04519614814913,,,,,,,,,,,,,,,,,,,,,0.5626754631931469,14.572349849976463,,,,,,,,,,,,,,,,,,,,,,,0.3281763178155003,20.920606802727225,,,,,,,,,,,,,,,,,0.2826197442958029,14.572349849976463,,,,,2.8403925549125546,19.49509152153268,,,,,,,,,,,,,,,,,,,,,,,,,,,1.6019570885951768,14.546029958930914,0.0208216048713304,19.155876481623984,,,,,,,,,,,,,,,,,,,0.1670829409791008,13.065842133452026,,,,,,,,,,,,,,,,,0.9369148429606972,14.572349849976462,0.4722083461362074,14.572349849976462,0.7758413096081366,14.572349849976462,,,,,,,,,,,,,,,,,,,,,,,,,,,,,,,,,,,,,,,,,,,62
2013-01-31,168.25905891963453,,,,,,,,,,,,,,,,,,,,,0.5626754631931469,16.225393616649708,,,,,,,,,,,,,,,,,,,,,,,0.3281763178155003,22.276762786722458,,,,,,,,,,,,,,,,,0.2826197442958029,15.148172054212935,,,,,2.8403925549125546,19.49509152153268,,,,,,,,,,,,,,,,,,,,,,,,,,,1.6019570885951768,13.831407219489474,0.0208216048713304,21.439174383490027,,,,,,,,,,,,,,,,,,,0.1670829409791008,14.451912099169872,,,,,,,,,,,,,,,,,0.9369148429606972,16.64266006112686,0.4722083461362074,13.306831338224876,0.7758413096081366,15.441653839015638,,,,,,,,,,,,,,,,,,,,,,,,,,,,,,,,,,,,,,,,,,,62
2013-03-31,173.32504217796097,,,,,,,,,,,,,,,,,,,,,0.5626754631931469,17.36117193180016,,,,,,,,,,,,,,,,,,,,,,,0.3281763178155003,23.16571970169137,,,0.375128043171186,14.886340147442732,,,,,,,,,,,,,,,,,,,2.8403925549125546,19.941944851225557,,,,,,,,,,,,,,,,,,,,,,,,,,,1.6019570885951768,15.477181571933908,0.0208216048713304,22.48962333256872,,,,,,,,,,,,,,,,,,,0.1670829409791008,13.98894631825134,,,,,,,0.3170177664953637,14.886340147442732,,,0.5674796705975325,14.886340147442732,,,,,0.9369148429606972,16.24143402816173,,,,,,,,,,,,,,,,,,,,,,,,,,,,,,,,,,,,,,,,,,,,,,,62
2013-04-30,178.98003795085918,,,,,,,,,,,,,,,,,,,,,0.5626754631931469,19.184736130603017,,,,,,,,,,,,,,,,,,,,,,,0.3281763178155003,23.78764527151149,,,0.375128043171186,14.973035846628992,,,,,,,,,,,,,,,,,,,2.8403925549125546,20.79119588468153,,,,,,,,,,,,,,,,,,,,,,,,,,,1.6019570885951768,16.835646609614034,0.0208216048713304,21.44625301747033,,,,,,,,,,,,,,,,,,,0.1670829409791008,13.409437279588865,,,,,,,0.3170177664953637,15.38080364565666,,,0.5674796705975325,16.328023696657546,,,,,0.9369148429606972,16.843260568446713,,,,,,,,,,,,,,,,,,,,,,,,,,,,,,,,,,,,,,,,,,,,,,,62
2013-05-31,184.35325514118935,,,,,,,,,,,,,,,,,,,,,0.5626754631931469,21.9749877391696,,,,,,,,,,,,,,,,,,,,,,,0.3281763178155003,23.931925974591618,,,0.375128043171186,15.193489970388375,,,,,,,,,,,,,,,,,,,2.8403925549125546,23.778695753207632,,,,,,,,,,,,,,,,,,,,,,,,,,,1.6019570885951768,17.84578112850395,0.0208216048713304,20.47409223519392,,,,,,,,,,,,,,,,,,,0.1670829409791008,13.741785379916848,,,,,,,0.3170177664953637,15.250166117330007,,,0.5674796705975325,14.837596175645382,,,,,0.9369148429606972,17.32473466724206,,,,,,,,,,,,,,,,,,,,,,,,,,,,,,,,,,,,,,,,,,,,,,,62
2013-06-30,177.5878499821698,,,,,,,,,,,,,,,,,,,,,0.5626754631931469,21.548119462987003,,,,,,,,,,,,,,,1.1057399483426875,15.476094814945462,,,,,,,0.3281763178155003,23.25819956371249,,,0.375128043171186,15.140810570313375,0.6286459528102532,15.476094814945462,0.3207945175511413,15.47609481494546,,,,,,,,,,,0.5982375213687506,15.47609481494546,,,2.8403925549125546,23.63259611670135,,,,,,,,,,,,,,,,,,,,,,,,,,,1.6019570885951768,16.627650193728226,,,,,,,,,,,0.4051205799883368,15.47609481494546,,,,,,,,,,,,,,,,,,,,,,,,,,,,,,,,,,,,,,,,,,,,,,,,,,,,,,,,,,,,,,,,,,,,,,,,,,,62
2013-07-31,188.5816107447078,,,,,,,,,,,,,,,,,,,,,0.5626754631931469,22.436246221770354,,,,,,,,,,,,,,,1.1057399483426875,14.29891880348424,,,,,,,0.3281763178155003,24.74204866453352,,,0.375128043171186,16.23194944072839,0.6286459528102532,17.37497518667928,0.3207945175511413,17.099163771286317,,,,,,,,,,,0.5982375213687506,16.52207481837562,,,2.8403925549125546,25.78656281847821,,,,,,,,,,,,,,,,,,,,,,,,,,,1.6019570885951768,17.749409425255283,,,,,,,,,,,0.4051205799883368,16.340261594116594,,,,,,,,,,,,,,,,,,,,,,,,,,,,,,,,,,,,,,,,,,,,,,,,,,,,,,,,,,,,,,,,,,,,,,,,,,,62
2013-08-31,187.39302793745463,,,,,,,,,,,,,,,,,,,,,0.5626754631931469,21.606828795526596,,,,,,,,,,,,,,,1.1057399483426875,14.655310341266464,,,,,,,0.3281763178155003,23.668948259955403,,,0.375128043171186,16.768807663919578,0.6286459528102532,17.67410024237695,0.3207945175511413,18.48179959608169,,,,,,,,,,,0.5982375213687506,17.053777858941814,,,2.8403925549125546,24.87815545032598,,,,,,,,,,,,,,,,,,,,,,,,,,,1.6019570885951768,16.405641297663017,,,,,,,,,,,0.4051205799883368,16.19965843139718,,,,,,,,,,,,,,,,,,,,,,,,,,,,,,,,,,,,,,,,,,,,,,,,,,,,,,,,,,,,,,,,,,,,,,,,,,,62
2013-09-30,199.70244234973023,,,,,,,,,,,,,,,,,,,,,0.5626754631931469,22.094724555723733,,,,,,,,,,,,,,,1.1057399483426875,18.86722567164968,,,,,,,0.3281763178155003,24.076519650997295,,,0.375128043171186,17.5806969168398,,,0.3207945175511413,19.921036788141965,,,,,,,,,,,0.5982375213687506,16.273342434012278,,,2.8403925549125546,25.923067851990048,,,,,,,,,,,,,,,,,,,,,,,,,,,1.6019570885951768,17.169051056516683,,,,,,,,,,,0.4051205799883368,18.20657729580092,,,,,,,,,,,,,,,,,,,,,,,,,,,,,,,,,0.5113041427878786,19.590200128057887,,,,,,,,,,,,,,,,,,,,,,,,,,,,,,,,,,,,,,,,,62
2013-10-31,207.52327162665495,,,,,,,,,,,,,,,,,,,,,0.5626754631931469,24.35893178727444,,,,,,,,,,,,,,,1.1057399483426875,19.094026709561813,,,,,,,0.3281763178155003,23.771355635863085,,,0.375128043171186,18.546856547194224,,,0.3207945175511413,20.994282072242648,,,,,,,,,,,0.5982375213687506,15.401242097733183,,,2.8403925549125546,26.291861420392458,,,,,,,,,,,,,,,,,,,,,,,,,,,1.6019570885951768,20.11097524231966,,,,,,,,,,,0.4051205799883368,17.834310637359412,,,,,,,,,,,,,,,,,,,,,,,,,,,,,,,,,0.5113041427878786,21.11942947671406,,,,,,,,,,,,,,,,,,,,,,,,,,,,,,,,,,,,,,,,,62
2013-11-30,210.23971094439025,,,,,,,,,,,,,,,,,,,,,0.5626754631931469,26.251537190954537,,,,,,,,,,,,,,,1.1057399483426875,22.787552623054143,,,,,,,0.3281763178155003,24.262788855433666,,,0.375128043171186,18.596728325425115,,,0.3207945175511413,19.437539497017788,,,,,,,,,,,0.5982375213687506,15.021881452406753,,,2.8403925549125546,26.395652162440747,,,,,,,,,,,,,,,,,,,,,,,,,,,1.6019570885951768,20.09920090905073,,,,,,,,,,,0.4051205799883368,16.82436510944598,,,,,,,,,,,,,,,,,,,,,,,,,,,,,,,,,0.5113041427878786,20.56246481916077,,,,,,,,,,,,,,,,,,,,,,,,,,,,,,,,,,,,,,,,,62
2013-12-31,214.67974611495015,,,,,,,,,,,,,,,,,,,,,0.5626754631931469,29.35105810995426,,,,,,,,,,,,,,,1.1057399483426875,23.489537456935555,,,,,,,0.3281763178155003,24.960095928553283,,,0.375128043171186,18.04750769392034,,,0.3207945175511413,19.77209857425145,0.4647669849320835,19.490833889809444,,,,,,,,,,,,,,,,,,,,,0.1893004404437499,19.490833889809444,,,,,,,,,,,,,,,,,,,1.6019570885951768,21.096112792097564,,,,,,,,,,,,,,,,,,,,,,,,,,,,,,,,,,,,,,,1.1106666099769922,19.490833889809444,,,,,,,0.4104702471399069,19.490833889809444,,,,,,,,,,,,,,,,,,,,,,,,,,,,,,,,,,,,,,,62
2014-01-31,209.77412369763988,,,,,,,,,,,,,,,,,,,,,0.5626754631931469,30.25502771691963,,,,,,,,,,,,,,,1.1057399483426875,24.882710992046928,,,,,,,0.3281763178155003,22.3064201390519,,,0.375128043171186,16.591448102767387,,,0.3207945175511413,19.465816317837852,0.4647669849320835,18.723737172598312,,,,,,,,,,,,,,,,,,,,,0.1893004404437499,17.556539886587718,,,,,,,,,,,,,,,,,,,1.6019570885951768,20.37396590689909,,,,,,,,,,,,,,,,,,,,,,,,,,,,,,,,,,,,,,,1.1106666099769922,19.496820568581025,,,,,,,0.4104702471399069,20.121636894350033,,,,,,,,,,,,,,,,,,,,,,,,,,,,,,,,,,,,,,,62
2014-03-31,229.58524742254488,,,,,,,,,,,,,,,0.2130750853865921,20.436874298087957,,,,,0.5626754631931469,32.238792280915476,,,,,0.3518237785387371,20.436874298087957,,,,,,,,,1.1057399483426875,25.552294773784503,,,,,,,0.3281763178155003,23.972204389697037,,,0.375128043171186,18.16303374850581,,,0.3207945175511413,23.13527317998765,,,,,,,,,,,,,,,,,,,,,,,,,,,,,,,,,,,,,,,,,,,1.6019570885951768,24.776151857302583,,,,,,,,,,,0.5319574883131556,20.436874298087957,,,,,,,,,0.1798725648779308,20.436874298087957,,,,,,,,,,,,,,,,,,,,,,,,,,,,,,,,,,,,,,,,,,,,,,,,,,,,,,,,,,,,,,,,,62
2014-04-30,237.9164189277615,,,,,,,,,,,,,,,0.2130750853865921,20.188544090503036,,,,,0.5626754631931469,31.029245234384476,,,,,0.3518237785387371,22.1756066734629,,,,,,,,,1.1057399483426875,28.209048180589782,,,,,,,0.3281763178155003,25.30477720766517,,,0.375128043171186,19.18543024473771,,,0.3207945175511413,23.11521373276895,,,,,,,,,,,,,,,,,,,,,,,,,,,,,,,,,,,,,,,,,,,1.6019570885951768,24.88324680503219,,,,,,,,,,,0.5319574883131556,22.79656510132064,,,,,,,,,0.1798725648779308,21.028741657296656,,,,,,,,,,,,,,,,,,,,,,,,,,,,,,,,,,,,,,,,,,,,,,,,,,,,,,,,,,,,,,,,,62
2014-05-31,246.41744624081036,,,,,,,0.6349673266976107,21.279718462654664,,,,,,,,,,,,,0.5626754631931469,30.94822798677162,,,,,0.3518237785387371,23.413186379616462,,,,,,,,,1.1057399483426875,30.87658928392021,,,,,,,0.3281763178155003,24.754402347639765,,,0.375128043171186,20.63898844802955,,,0.3207945175511413,24.986662749049525,,,,,,,,,,,,,,,,,,,,,,,,,,,,,,,,,,,,,,,,,,,1.6019570885951768,25.34736055925156,,,,,,,,,,,0.5319574883131556,22.89259156122232,,,,,,,,,,,,,,,,,,,,,,,,,,,,,0.3444434911479105,21.279718462654664,,,,,,,,,,,,,,,,,,,,,,,,,,,,,,,,,,,,,,,,,,,,,62
2014-06-30,261.4575395235582,,,,,,,,,,,,,,,,,,,,,0.5626754631931469,32.515899386070274,,,,,,,,,,,,,,,1.1057399483426875,35.58529332976509,,,,,,,0.3281763178155003,26.543490577193133,,,0.375128043171186,22.33003682913486,,,0.3207945175511413,27.59870577345468,,,,,,,,,,,,,,,,,,,,,,,,,,,,,,,,,,,,,,,,,1.4906276410608823,21.447647356510014,1.6019570885951768,26.24327319844099,,,,,,,,,,,0.5319574883131556,23.269392076435107,,,,,,,,,,,,,,,,,,,,,,,,,,,,,0.3444434911479105,24.47615364004403,,,,,,,3.720203600921395,21.447647356510014,,,,,,,,,,,,,,,,,,,,,,,,,,,,,,,,,,,,,62
2014-07-31,255.22867810443068,,,,,,,,,,,,,,,,,,,,,0.5626754631931469,35.34575274900054,,,,,,,,,,,,,,,1.1057399483426875,32.9933504633738,,,,,,,0.3281763178155003,26.277140262000756,,,0.375128043171186,21.4887090458492,,,0.3207945175511413,25.846328519818915,,,0.2844319828334661,22.502204231507427,,,,,0.3665163478276282,22.50220423150743,,,,,,,,,,,,,,,,,,,,,,,,,,,,,,,,,1.6019570885951768,23.493412572462876,,,,,,,,,,,,,,,,,,,,,,,0.6846530296761725,22.50220423150743,,,,,,,,,,,,,,,,,,,,,,,,,3.720203600921395,22.277371797402317,,,,,,,,,,,,,,,,,,,,,,,,,,,,,,,,,,,,,62
2014-08-31,262.52992735231265,,,,,,,,,,,,,,,,,,,,,0.5626754631931469,36.44975092457871,,,,,,,,,,,,,,,1.1057399483426875,35.207306363132595,,,,,,,0.3281763178155003,26.31983232739285,,,0.375128043171186,21.334971000385437,,,0.3207945175511413,25.978313123303874,,,0.2844319828334661,22.376840800352877,,,,,0.3665163478276282,22.620469453346175,,,,,,,,,,,,,,,,,,,,,,,,,,,,,,,,,1.6019570885951768,24.94008045910479,,,,,,,,,,,,,,,,,,,,,,,0.6846530296761725,24.41713757353166,,,,,,,,,,,,,,,,,,,,,,,,,3.720203600921395,22.88522532718372,,,,,,,,,,,,,,,,,,,,,,,,,,,,,,,,,,,,,62
2014-09-30,252.97215141783832,,,,,,,,,,,,,,,,,,,,,,,,,,,,,,,,,,,,,1.1057399483426875,37.000073893400426,,,,,,,0.3281763178155003,24.466396782105697,,,0.375128043171186,20.10037009493609,,,,,,,,,,,,,,,,,,,2.9993525108604704,24.69508452765037,,,,,,,,,,,,,,,,,,,,,,,,,,,1.6019570885951768,23.23480348149384,,,,,,,,,,,,,,,,,,,,,,,,,,,,,0.6890335068404905,24.69508452765037,,,,,1.2372811176268326,24.69508452765037,,,1.6106275613960703,24.69508452765037,0.3752482213004668,24.69508452765037,,,,,,,,,0.8210397120527271,24.69508452765037,,,,,,,,,,,,,,,,,,,,,,,,,,,,,,,,,,,62
2014-10-31,252.25067807321904,,,,,,,,,,,,,,,,,,,,,,,,,,,,,,,,,,,,,1.1057399483426875,35.73650667589599,,,,,,,0.3281763178155003,24.595579651961124,,,0.375128043171186,18.95245344067364,,,0.3698142867880384,25.90604774552788,,,,,,,,,,,,,,,2.9993525108604704,23.526292824293673,,,,,,,,,,,,,,,,,,,,,,,,,,,1.6019570885951768,24.54431803101128,,,,,,,,,,,,,,,,,,,,,,,,,,,,,0.6890335068404905,24.769135968798047,,,,,,,,,1.6106275613960703,26.90392969147953,0.3752482213004668,22.10212080718084,,,,,,,,,0.8210397120527271,25.21429323639703,,,,,,,,,,,,,,,,,,,,,,,,,,,,,,,,,,,62
2014-11-30,258.91464383500806,,,,,,,,,,,,,,,,,,,,,,,,,,,,,,,,,,,,,1.1057399483426875,38.82523403968579,,,,,,,0.3281763178155003,22.323636175743943,,,0.375128043171186,17.52702297182002,,,0.3698142867880384,23.683141445586138,,,,,,,,,,,,,,,2.9993525108604704,26.498538702855512,,,,,,,,,,,,,,,,,,,,,,,,,,,1.6019570885951768,25.25312311623083,,,,,,,,,,,,,,,,,,,,,,,,,,,,,0.6890335068404905,25.585265751692024,,,,,,,,,1.6106275613960703,30.324746843186787,0.3752482213004668,18.31211291317111,,,,,,,,,0.8210397120527271,30.58182187503586,,,,,,,,,,,,,,,,,,,,,,,,,,,,,,,,,,,62
2014-12-31,261.5701725732987,,,,,,,,,,,,,,,,,,,,,0.3623783896771035,25.331206587160818,,,,,,,,,,,,,,,1.1057399483426875,37.810051689270075,,,,,,,0.3281763178155003,23.21566523687648,,,0.375128043171186,18.32020619377888,,,,,,,,,,,,,,,,,,,2.9993525108604704,26.111085342292142,,,,,,,,,,,,,,,,,,,,,,,,,,,1.6019570885951768,27.68080516800126,,,,,,,,,,,,,,,,,,,,,,,,,,,,,,,,,,,,,,,1.6106275613960703,30.086418889441692,0.3752482213004668,16.736070097417475,0.8423030112928227,25.331206587160818,,,,,,,0.8210397120527271,30.947456781899064,,,,,,,,,,,,,,,,,,,,,,,,,,,,,,,,,,,62
2015-01-31,246.0107059563182,,,,,,,,,,,,,,,,,,,,,0.3623783896771035,22.327907764370817,,,,,,,,,,,,,,,1.1057399483426875,31.61097727897704,,,,,,,0.3281763178155003,21.218594965453143,,,0.375128043171186,16.707311873334106,,,,,,,,,,,,,,,,,,,2.9993525108604704,24.7802645417084,,,,,,,,,,,,,,,,,,,,,,,,,,,1.6019570885951768,28.69483696523152,,,,,,,,,,,,,,,,,,,,,,,,,,,,,,,,,,,,,,,1.6106275613960703,28.97996339281468,0.3752482213004668,15.880504610919086,0.8423030112928227,22.724311476883045,,,,,,,0.8210397120527271,33.086033086626365,,,,,,,,,,,,,,,,,,,,,,,,,,,,,,,,,,,62
2015-03-31,253.93230862332197,,,,,,,,,,,,,,,,,,,,,0.3623783896771035,20.89954437260141,,,,,,,,,,,,,,,1.1057399483426875,29.299820331818317,,,0.6543125192867204,27.51715563035439,0.3216000626647297,27.517155630354388,0.3281763178155003,21.93906957602353,,,0.375128043171186,16.69586244296983,,,0.405589370395372,27.517155630354388,,,,,,,,,0.5105389383574895,27.517155630354388,,,,,,,,,,,,,,,,,,,,,,,,,,,,,,,,,1.6019570885951768,27.512233748136993,,,,,,,,,,,,,,,,,,,,,,,0.9827939191574996,27.517155630354388,,,,,,,,,,,,,,,,,,,,,,,,,,,,,,,,,,,,,,,,,,,,,,,,,,,,,,,,,,,,,,,62
2015-04-30,256.0964854870414,,,,,,,,,,,,,,,,,,,,,0.3623783896771035,22.566433264708017,,,,,,,,,,,,,,,1.1057399483426875,30.37980267749013,,,0.6543125192867204,24.610593708913825,0.3216000626647297,25.862892429598308,0.3281763178155003,23.209683690678503,,,0.375128043171186,18.21366681869443,,,0.405589370395372,29.69596073569974,,,,,,,,,0.5105389383574895,28.284409121097795,,,,,,,,,,,,,,,,,,,,,,,,,,,,,,,,,1.6019570885951768,25.38937355586446,,,,,,,,,,,,,,,,,,,,,,,0.9827939191574996,27.883669484296178,,,,,,,,,,,,,,,,,,,,,,,,,,,,,,,,,,,,,,,,,,,,,,,,,,,,,,,,,,,,,,,62
2015-05-31,250.63499164228224,,,0.0380182152629157,25.609829979769454,,,,,,,,,,,,,,,,,0.3623783896771035,22.47870983700981,,,,,,,,,,,,,,,,,,,0.6543125192867204,25.622700939131153,,,0.3281763178155003,21.52527877905624,,,,,,,,,,,,,,,,,0.5105389383574895,27.581905874813813,,,,,2.9476161466745876,25.609829979769454,,,,,,,,,,,,,,,,,,,,,,,,,,,1.6019570885951768,25.37724631342398,,,,,,,,,,,,,,,,,,,,,,,,,,,,,0.6814453470651742,25.609829979769454,,,,,,,,,,,0.5151846801737099,25.609829979769454,,,,,,,,,0.7739173910531598,25.609829979769454,,,,,,,,,,,,,,,,,,,,,,,,,,,,,,,,,,,62
2015-06-30,240.893354584742,,,0.0380182152629157,25.354348687017563,,,,,,,,,,,,,,,,,0.3623783896771035,18.105792556714466,,,,,,,,,,,,,,,,,,,,,,,,,,,,,,,0.3620863978832107,23.498206087627395,,,,,,,,,0.5105389383574895,27.157218901333163,,,,,2.9476161466745876,25.339725909993515,0.849536935429806,23.498206087627395,,,,,,,,,,,,,,,,,0.5345260259798035,23.498206087627395,,,,,,,1.6019570885951768,24.06988282933312,,,,,,,,,,,,,,,,,,,,,,,,,,,,,0.6814453470651742,26.168391398739896,,,,,,,,,,,0.5151846801737099,24.20337603872806,,,,,,,,,,,,,,,,,,,,,,,,,,,,,,,,,,,,,,,,,,,,,62
2015-07-31,234.83499935629095,,,0.0380182152629157,26.64848789920604,,,,,,,,,,,,,,,,,0.3623783896771035,19.99169350102029,,,,,,,,,,,,,,,,,,,,,,,,,,,,,,,0.3620863978832107,20.717603441383044,,,,,,,,,0.5105389383574895,25.85485031995286,,,,,2.9476161466745876,25.03584126233425,0.849536935429806,23.825312029836805,,,,,,,,,,,,,,,,,0.5345260259798035,23.018881357787595,,,,,,,1.6019570885951768,22.78892031231381,,,,,,,,,,,,,,,,,,,,,,,,,,,,,0.6814453470651742,24.13072829381572,,,,,,,,,,,0.5151846801737099,22.82268093864063,,,,,,,,,,,,,,,,,,,,,,,,,,,,,,,,,,,,,,,,,,,,,62
2015-08-31,230.71911673954497,,,,,,,,,,,,,,,,,,,,,0.3623783896771035,19.039262777568833,,,,,,,,,,,,,,,,,,,,,,,0.4565471328355681,23.780864482497797,,,0.6603788770337179,23.780864482497797,,,0.3620863978832107,21.05971143938305,,,,,,,,,0.5105389383574895,24.55899824586528,,,,,,,0.849536935429806,26.161246936908555,,,,,,,,,,,,,,,,,,,,,,,,,1.6019570885951768,20.99557492733023,,,,,,,,,,,,,,,,,,,0.2622834141457057,23.78086448249779,,,,,,,,,,,,,,,,,,,,,,,,,,,,,,,,,1.070570999202981,23.78086448249779,1.4080273769595726,23.780864482497797,,,,,,,,,,,,,,,,,,,,,,,,,,,,,,,62
2015-09-30,230.13050705764925,,,,,,,0.5565265169531864,23.99663094497889,,,,,0.5221316188424827,23.99663094497888,,,,,,,0.3623783896771035,18.453870392340324,,,,,,,,,,,,,,,,,,,,,,,0.4565471328355681,23.45314792010155,,,0.6603788770337179,23.205096145254924,0.8999184170832946,23.99663094497889,,,,,,,,,,,,,,,,,3.0563647268792433,23.99663094497889,,,,,,,,,,,,,,,,,,,,,,,,,,,1.6019570885951768,21.03860693007916,,,,,,,0.4304322235630087,23.99663094497889,3.445753299239392,23.99663094497889,,,,,,,,,,,,,,,,,,,,,,,,,,,,,,,,,,,,,,,,,,,,,,,,,,,,,,,,,,,,,,,,,,,,,,,,,,,,,62
2015-10-31,241.12816285180952,,,,,,,0.5565265169531864,26.111427038844596,,,,,0.5221316188424827,21.668398445193155,,,,,,,0.3623783896771035,15.634942965976698,,,,,,,,,,,,,,,,,,,,,,,0.4565471328355681,27.02105616988304,,,0.6603788770337179,25.813001214175532,0.8999184170832946,24.05990302576373,,,,,,,,,,,,,,,,,3.0563647268792433,26.18939839117309,,,,,,,,,,,,,,,,,,,,,,,,,,,1.6019570885951768,22.85735413668756,,,,,,,0.4304322235630087,26.104621464778837,3.445753299239392,25.668059999333295,,,,,,,,,,,,,,,,,,,,,,,,,,,,,,,,,,,,,,,,,,,,,,,,,,,,,,,,,,,,,,,,,,,,,,,,,,,,,62
2015-11-30,240.47757128893969,,,,,,,0.5565265169531864,24.397379545083037,0.1450412697616435,19.677372566779773,,,0.5221316188424827,22.179503602846705,,,,,,,,,,,,,,,,,,,,,,,1.264704607721037,19.677372566779773,,,,,,,0.4565471328355681,27.151891309375607,,,0.6603788770337179,26.505353085850793,0.8999184170832946,25.674292003599263,,,,,,,,,,,,,,,,,3.0563647268792433,25.59846242468325,,,,,,,,,,,,,,,,,,,,,,,,,,,1.6019570885951768,23.017113521480436,,,,,,,,,3.445753299239392,26.598830662461015,,,,,,,,,,,,,,,,,,,,,,,,,,,,,,,,,,,,,,,,,,,,,,,,,,,,,,,,,,,,,,,,,,,,,,,,,,,,,62
2015-12-31,238.53864158754817,,,,,,,,,,,,,0.5221316188424827,25.129131765238085,,,,,,,0.5955748713010415,23.09281902382293,,,,,,,,,,,,,,,,,,,,,,,0.4565471328355681,27.07419901965776,,,,,,,,,,,,,,,,,,,,,,,3.0563647268792433,25.16973960228625,,,,,,,,,,,,,,,,,,,0.557538209839833,23.092819023822926,,,,,,,1.6019570885951768,22.608657057428506,0.0140552763382975,23.09281902382293,,,,,,,,,,,,,,,,,,,,,,,,,,,,,,,,,,,,,1.4655286847827798,23.09281902382293,,,1.0690822359050929,23.09281902382293,,,,,,,,,,,,,0.8035475978873231,23.09281902382293,,,,,,,,,,,,,,,,,,,,,,,,,,,,,62
2016-01-31,222.18825935095157,,,,,,,,,,,,,0.5221316188424827,24.900113600421243,,,,,,,0.5955748713010415,18.60545440345864,,,,,,,,,,,,,,,,,,,,,,,0.4565471328355681,26.023862308197895,,,,,,,,,,,,,,,,,,,,,,,3.0563647268792433,21.32907554792432,,,,,,,,,,,,,,,,,,,0.557538209839833,18.819817717990787,,,,,,,1.6019570885951768,23.01679727819684,0.0140552763382975,23.20526123452931,,,,,,,,,,,,,,,,,,,,,,,,,,,,,,,,,,,,,1.4655286847827798,21.827356494580535,,,1.0690822359050929,24.626508973973827,,,,,,,,,,,,,0.8035475978873231,19.834011791678204,,,,,,,,,,,,,,,,,,,,,,,,,,,,,62
2016-02-29,222.43669388451227,,,,,,,,,,,,,,,,,,,,,0.5955748713010415,16.87985514098419,,,,,,,,,,,,,,,,,,,,,,,0.4565471328355681,25.111955806292453,,,,,,,,,,,,,,,,,,,,,,,3.0563647268792433,23.10100027010172,,,,,,,,,,,,,,,,,,,0.557538209839833,18.781317669641325,,,,,,,1.6019570885951768,22.63338514336219,0.0140552763382975,23.008487365793144,,,,,,,,,,,,,,,,,,,,,,,,,,,1.1389997700506878,25.422854702125687,,,,,,,,,1.4655286847827798,22.3873589191653,,,1.0690822359050929,25.846034894042663,,,,,,,,,,,,,0.8035475978873231,19.264443973003587,,,,,,,,,,,,,,,,,,,,,,,,,,,,,62
2016-03-31,242.31431405549225,,,,,,,,,,,,,,,,,,,,,0.5955748713010415,18.318504111271658,,,,,,,,,,,,,,,,,,,0.5558910054188411,24.28444286517773,,,0.4565471328355681,29.075570515316077,,,,,0.7951787532396652,24.28444286517773,,,,,,,,,,,0.442285631680188,24.28444286517773,,,,,3.0563647268792433,24.929139372660313,,,,,,,,,,,,,,,,,,,,,,,,,,,,,,,,,,,,,,,,,,,,,,,,,,,,,1.157057388921067,24.284442865177738,,,,,,,,,,,0.1785288895149636,24.28444286517773,,,0.35467273889627,24.28444286517773,,,,,,,,,,,,,,,,,0.3156290288528975,24.28444286517773,,,,,,,,,,,,,,,,,,,,,,,,,,,62
2016-04-30,246.45854684068652,,,,,,,,,,,,,,,,,,,,,0.5955748713010415,16.014082111107992,,,,,,,,,,,,,,,,,,,0.5558910054188411,22.28913123928969,,,0.4565471328355681,31.141960756816943,,,,,0.7951787532396652,26.244020190744873,,,,,,,,,,,0.442285631680188,25.681846059647015,,,,,3.0563647268792433,25.03993877333595,,,,,,,,,,,,,,,,,,,,,,,,,,,,,,,,,,,,,,,,,,,,,,,,,,,,,1.157057388921067,31.979990757505856,,,,,,,,,,,0.1785288895149636,23.48998167925907,,,0.35467273889627,19.804925794086483,,,,,,,,,,,,,,,,,0.3156290288528975,24.772669478892624,,,,,,,,,,,,,,,,,,,,,,,,,,,62
2016-05-31,243.55635332580945,,,,,,,,,,,,,,,,,,,,,0.5955748713010415,18.235753319579313,,,,,,,,,,,,,,,,,,,0.5558910054188411,20.710301032950724,,,0.4565471328355681,30.782326090998616,,,,,0.7951787532396652,26.176291189881475,,,,,,,,,,,0.442285631680188,25.861961578636652,,,,,3.0563647268792433,25.185418185303487,,,,,,,,,,,,,,,,,,,,,,,,,,,,,,,,,,,,,,,,,,,,,,,,,,,,,1.157057388921067,29.63887662034964,,,,,,,,,,,0.1785288895149636,23.092761982838415,,,0.35467273889627,17.60950202738746,,,,,,,,,,,,,,,,,0.3156290288528975,26.26316129788363,,,,,,,,,,,,,,,,,,,,,,,,,,,62
2016-06-30,247.7802277617009,,,,,,,,,,,,,,,,,,,,,,,,,,,,,,,,,,,,,,,,,0.5558910054188411,19.518052407993995,0.2256424304209244,21.868516805668257,0.4565471328355681,32.28735165972515,,,,,,,,,,,,,,,,,0.442285631680188,27.462102079165156,,,,,,,,,,,,,,,,,,,,,,,,,,,,,,,,,1.3638037075143847,21.868516805668257,0.0122833375790629,21.868516805668257,,,,,,,,,,,,,,,,,,,,,,,1.157057388921067,35.77516406368533,,,0.97648910565074,21.868516805668257,,,,,,,,,,,,,,,,,,,,,,,,,,,,,0.3156290288528975,23.39497352278994,0.2944841752335114,21.868516805668257,,,,,,,,,,,,,,,,,,,,,,,,,62
2016-07-31,254.01332076729852,,,,,,,,,,,,,,,,,,,,,,,,,,,,,,,,,,,,,,,,,0.5558910054188411,20.00792626718519,0.2256424304209244,21.476044066030557,0.4565471328355681,31.563557679608625,,,,,,,,,,,,,,,,,0.442285631680188,26.058819042218428,,,,,,,,,,,,,,,,,,,,,,,,,,,,,,,,,1.3638037075143847,23.72648761547686,0.0122833375790629,20.943090572302296,,,,,,,,,,,,,,,,,,,,,,,1.157057388921067,40.26629804964997,,,0.97648910565074,22.55347356604275,,,,,,,,,,,,,,,,,,,,,,,,,,,,,0.3156290288528975,24.954632002820237,0.2944841752335114,22.4629919059636,,,,,,,,,,,,,,,,,,,,,,,,,62
2016-08-31,252.45816595690948,,,,,,,,,,,,,,,,,,,,,,,,,,,,,,,,,,,,,,,,,0.5558910054188411,21.18283086544926,0.2256424304209244,21.936162020977093,0.4565471328355681,30.97835936001096,,,,,,,,,,,,,,,,,0.442285631680188,25.528563543458297,,,,,,,,,,,,,,,,,,,,,,,,,,,,,,,,,1.3638037075143847,24.228346611469043,0.0122833375790629,20.71953442813569,,,,,,,,,,,,,,,,,,,,,,,1.157057388921067,34.995080318808284,,,0.97648910565074,25.11788242149296,,,,,,,,,,,,,,,,,,,,,,,,,,,,,0.3156290288528975,26.31902102827838,0.2944841752335114,21.452385358829495,,,,,,,,,,,,,,,,,,,,,,,,,62
2016-09-30,249.60395592179856,,,,,,,,,,,,,,,,,,,,,,,,,,,,,,,,,,,,,,,,,0.5558910054188411,20.510570113996295,0.2256424304209244,21.167450429327346,0.4565471328355681,32.03307616805546,,,,,,,,,,,,,,,,,0.442285631680188,25.78760898806615,,,,,,,,,,,,,,,,,,,,,,,,,,,,,,,,,1.3638037075143847,25.40471991366947,,,,,,,,,,,,,,,,,,,,,,,,,1.157057388921067,35.95598959129351,,,0.97648910565074,20.43177287474593,,,,,,,,,,,0.5333971298029332,21.0638535512072,,,,,,,2.5325568503985147,21.0638535512072,,,,,,,,,0.3156290288528975,26.18506074022993,,,,,,,,,,,,,,,,,,,,,,,,,,,62
2016-10-31,244.81045898055507,,,,,,,,,,,,,,,,,,,,,,,,,,,,,,,,,,,,,,,,,0.5558910054188411,22.92539767492395,0.2256424304209244,20.103257981678997,0.4565471328355681,32.60265591661099,,,,,,,,,,,,,,,,,0.442285631680188,24.617599632788146,,,,,,,,,,,,,,,,,,,,,,,,,,,,,,,,,1.3638037075143847,24.394969624936515,,,,,,,,,,,,,,,,,,,,,,,,,1.157057388921067,33.91792417265052,,,0.97648910565074,19.83994323490756,,,,,,,,,,,0.5333971298029332,21.597250681010134,,,,,,,2.5325568503985147,21.61313099416921,,,,,,,,,0.3156290288528975,23.198329066879015,,,,,,,,,,,,,,,,,,,,,,,,,,,62
2016-11-30,254.67232437852516,,,,,,,0.4597133929483342,21.06401491457659,,,,,,,,,,,,,,,,,,,,,,,,,,,,,,,,,0.5558910054188411,23.82321559561743,,,0.4565471328355681,34.722208165366666,,,,,,,,,,,,,,,,,0.442285631680188,25.79352088707359,,,,,,,,,,,,,,,,,,,,,,,,,,,,,,,,,1.3638037075143847,25.812910529489148,,,,,,,,,,,,,,,,,,,,,,,,,1.157057388921067,29.70565556537864,,,0.97648910565074,23.946217675050605,,,,,,,,,,,0.5333971298029332,16.172600812845047,,,,,,,2.5325568503985147,23.657078675078655,,,,,,,,,0.3156290288528975,29.974901558048774,,,,,,,,,,,,,,,,,,,,,,,,,,,62
2016-12-31,264.5489589482595,,,,,,,0.4597133929483342,21.47698079502865,,,,,,,,,,,,,,,,,,,,,,,,,,,,,,,,,0.5558910054188411,26.686880017991285,,,0.4565471328355681,36.999980300611625,,,,,,,,,,,,,,,,,0.442285631680188,26.90422734902607,,,,,,,,,,,,,,,,,,,,,,,,,0.5519562060674288,26.48146885420191,,,,,,,1.3638037075143847,26.221421098952664,,,,,,,,,,,,,,,,,,,,,,,,,1.157057388921067,31.198265070228153,,,0.97648910565074,24.98155263125111,,,,,,,,,,,0.5333971298029332,17.116713976766068,0.8677846352711711,26.48146885420191,,,,,,,,,,,,,,,,,,,,,,,,,,,,,,,,,,,,,,,,,,,62
2017-01-31,267.77958985458514,,,,,,,0.4597133929483342,22.84662135744298,,,,,,,,,,,,,,,,,,,,,,,,,,,,,,,,,0.5558910054188411,25.686902196338565,,,0.4565471328355681,35.0038126731819,,,,,,,,,,,,,,,,,0.442285631680188,25.00548533304795,,,,,,,,,,,,,,,,,,,,,,,,,0.5519562060674288,25.84336845159046,,,,,,,1.3638037075143847,28.619910669426833,,,,,,,,,,,,,,,,,,,,,,,,,1.157057388921067,33.27167859563374,,,0.97648910565074,26.719104183149565,,,,,,,,,,,0.5333971298029332,16.636656763418287,0.8677846352711711,28.14604963135485,,,,,,,,,,,,,,,,,,,,,,,,,,,,,,,,,,,,,,,,,,,62
2017-03-31,262.61888217026683,,,,,,,0.4597133929483342,24.456051388615645,,,,,,,,,,,,,,,,,,,,,,,,,,,,,,,,,0.5558910054188411,26.16539715257918,0.2601617877371854,25.975937379030256,0.4565471328355681,34.07574074125715,,,,,,,,,,,,,,,,,,,,,,,,,,,,,,,,,,,,,,,,,,,,,,,,,,,1.3638037075143847,29.335917500618606,,,,,,,,,,,,,,,,,,,,,,,,,1.157057388921067,30.2269634499409,,,,,,,,,,,,,,,0.5333971298029332,14.455062421134349,,,,,,,,,0.5332386837176616,25.97593737903025,,,,,,,,,,,0.8919635457044085,25.975937379030253,0.5007892406772869,25.975937379030256,,,,,,,,,,,,,,,,,,,,,62
2017-04-30,269.9133524074383,,,,,,,0.4597133929483342,25.64335788805308,,,,,,,,,,,,,,,,,,,,,,,,,,,,,,,,,0.5558910054188411,25.502278117604032,0.2601617877371854,26.361908605502897,0.4565471328355681,33.86310316177249,,,,,,,,,,,,,,,,,,,,,,,,,,,,,,,,,,,,,,,,,,,,,,,,,,,1.3638037075143847,31.34595993622257,0.0123344182428508,26.04104051521892,,,,,,,,,,,,,,,,,,,,,,,1.157057388921067,31.053526964845233,,,,,,,,,,,,,,,0.5333971298029332,15.76188477872696,,,,,,,,,0.5332386837176616,27.21183454432277,,,,,,,,,,,0.8919635457044085,27.12845789516936,,,,,,,,,,,,,,,,,,,,,,,62
2017-05-31,277.03131464381755,,,0.043897195111702,26.598187711886304,,,,,,,,,,,,,,,,,,,,,,,,,,,,,,,,,,,,,0.5558910054188411,24.262885293915033,0.2601617877371854,27.05313206871805,0.4565471328355681,32.8411839596452,,,,,,,,,,,,,,,,,,,,,,,,,,,,,,,,,,,,,,,,,,,,,,,,,,,1.3638037075143847,31.617592776099663,0.0123344182428508,28.15182806367835,,,,,,,,,,,,,,,,,,,,,,,1.157057388921067,31.36580498862669,,,,,,,,,,,,,,,0.5333971298029332,20.541122573421585,,,,,,,,,0.5332386837176616,29.08501483239497,,,,,,,,,,,0.8919635457044085,25.514562375431716,,,,,,,,,,,,,,,,,,,,,,,62
2017-06-30,283.3517956594717,,,0.043897195111702,25.041594887959533,,,,,,,,,,,,,,,,,,,,,,,,,,,,,,,,,,,,,0.5558910054188411,26.910819203081356,0.2601617877371854,27.41715254132575,,,,,,,,,,,,,,,,,,,0.5437288718714588,30.135251381141295,,,,,,,,,,,,,,,,,,,,,,,,,,,,,,,2.6488646737219796,30.13525138114129,1.3638037075143847,32.82183065905513,0.0123344182428508,29.733473285385095,,,,,,,,,,,,,,,,,,,,,,,1.157057388921067,29.749292832970376,,,,,,,,,,,,,,,0.5333971298029332,21.271878106270577,0.939987843833582,30.13525138114129,,,,,,,,,,,,,,,,,,,,,,,,,,,,,,,,,,,,,,,,,,,62
2017-07-31,293.3919764097802,,,0.043897195111702,23.696584186711664,,,,,,,,,,,,,,,,,,,,,,,,,,,,,,,,,,,,,0.5558910054188411,27.51317794990089,0.2601617877371854,27.91724625122534,,,,,,,,,,,,,,,,,,,,,,,,,,,,,,,,,,,,,,,,,,,,,,,,,,,2.6488646737219796,28.63422823444245,1.3638037075143847,31.82789076257656,0.0123344182428508,32.19825803514783,,,,,,,,,,,,,,,,,,,,,,,1.157057388921067,34.190111436149195,,,,,,,,,1.0745990733170334,29.87768828558167,,,,,0.5333971298029332,26.30181320309212,0.939987843833582,31.23497806495251,,,,,,,,,,,,,,,,,,,,,,,,,,,,,,,,,,,,,,,,,,,62
2017-08-31,287.55929750179973,,,,,,,,,,,,,,,,,,,,,,,,,,,,,,,,,,,,,,,,,0.5558910054188411,27.16612140990812,0.2601617877371854,26.411210963333737,,,,,,,,,,,,,,,,,,,0.4426696887130349,23.19703389199872,,,,,,,,,,,,,,,,,,,,,,,,,,,,,,,2.6488646737219796,28.2104077646774,1.3638037075143847,31.4128302477862,0.0123344182428508,33.56010308059385,,,,,,,,,,,,,,,,,,,,,,,1.157057388921067,35.2663141963969,,,,,,,,,1.0745990733170334,27.019359445917903,,,,,0.5333971298029332,25.048328727206083,0.939987843833582,30.267587773980807,,,,,,,,,,,,,,,,,,,,,,,,,,,,,,,,,,,,,,,,,,,62
2017-09-30,301.50014761482913,,,,,,,,,,,,,,,,,,,,,,,,,,,,,,,,,,,,,,,,,0.5558910054188411,31.005241545526093,,,0.3397140691981818,28.3116604267746,,,0.7302615301427172,28.3116604267746,,,,,,,,,,,,,,,,,,,,,,,,,,,,,,,,,,,,,,,,,,,,,2.6488646737219796,30.20147198752266,1.3638037075143847,32.856918908663474,0.0123344182428508,35.21476408333926,,,,,,,,,,,,,,,,,,,,,,,1.157057388921067,34.502848497591046,,,,,,,,,,,,,,,0.5333971298029332,24.472260885088176,,,,,,,,,,,,,,,0.7738836945841827,28.311660426774605,,,,,,,,,0.6708681576154558,28.3116604267746,,,,,,,,,,,,,,,,,,,62
2017-10-31,315.40814795076676,,,,,,,,,,,,,,,,,,,,,,,,,,,,,,,,,,,,,,,,,0.5558910054188411,31.79519526989376,,,0.3397140691981818,27.923733458442932,0.2354618526990176,27.85836428360919,0.7302615301427172,28.93388033404953,,,,,,,,,,,,,,,,,,,,,,,,,,,,,,,,,,,,,,,,,,,,,2.6488646737219796,30.126419946033742,1.3638037075143847,34.38335791471839,0.0123344182428508,40.47379143498323,,,,,,,,,,,,,,,,,,,,,,,1.157057388921067,33.32625552516105,,,,,,,,,,,,,,,0.5333971298029332,29.24083049301691,,,,,,,,,,,,,,,0.7738836945841827,31.34631929085802,,,,,,,,,,,,,,,,,,,,,,,,,,,,,62
2017-11-30,338.3305031758106,,,,,,,,,,,,,,,,,,,,,,,,,,,,,,,,,,,,,0.7968524891323028,32.99160930911492,,,0.5558910054188411,34.50760892226142,,,0.3397140691981818,28.67067313305202,0.2354618526990176,31.418219396192683,0.7302615301427172,28.93510326805424,,,,,,,,,,,,,,,,,,,,,,,,,,,,,,,,,,,,,,,,,,,,,,,1.3638037075143847,35.56936364247295,0.0123344182428508,42.86210339390681,,,,,,,,,,,,,,,,,,,,,,,1.157057388921067,34.09121088945137,,,,,,,,,,,,,,,0.5333971298029332,33.123960946862724,,,,,,,,,,,,,,,0.7738836945841827,36.16065027444146,,,,,,,,,,,,,,,,,,,,,,,,,,,,,62
2017-12-31,349.3053746688428,,,,,,,,,,,,,,,,,,,,,,,,,,,,,,,,,,,,,0.7968524891323028,32.00318867149321,,,0.5558910054188411,37.3581937558542,,,0.3397140691981818,30.446948614454236,,,0.7302615301427172,31.21556597119279,,,,,,,,,,,,,0.6402094013880416,37.46136917486797,,,2.1704633049902555,37.46136917486797,,,,,,,,,,,,,,,,,,,,,,,,,,,2.8008500317658296,37.46136917486797,1.3638037075143847,35.30271999844053,,,,,,,,,,,,,,,,,,,,,,,,,1.157057388921067,34.5796777190886,,,,,,,,,,,,,,,0.5333971298029332,36.014972413715306,,,,,,,,,,,,,,,,,,,,,,,,,,,,,,,,,,,,,,,,,,,,,62
2018-01-31,362.2998727467973,,,,,,,,,,,,,,,,,,,,,,,,,,,,,,,,,,,,,0.7968524891323028,34.026732681275774,,,0.5558910054188411,39.00843580262623,,,0.3397140691981818,30.485854314319457,,,0.7302615301427172,33.44482701827962,,,,,,,,,,,,,0.6402094013880416,39.100633377092265,,,2.1704633049902555,38.52830277780244,,,,,,,,,,,,,,,,,,,,,,,,,,,2.8008500317658296,40.01014227639908,1.3638037075143847,34.45298555036718,,,,,,,,,,,,,,,,,,,,,,,,,1.157057388921067,37.41367471645156,,,,,,,,,,,,,,,0.5333971298029332,35.828284232183705,,,,,,,,,,,,,,,,,,,,,,,,,,,,,,,,,,,,,,,,,,,,,62
2018-03-31,355.9418648055426,,,,,,,,,,,,,,,,,,,,,,,,,,,,,,,,,,,,,0.7968524891323028,40.579919104181094,,,0.5558910054188411,38.052820010367135,,,0.3397140691981818,28.011297849219456,,,0.7302615301427172,33.89927375159528,,,,,,,,,,,,,,,,,2.1704633049902555,34.71499752902228,,,,,,,,,,,,,,,,,,,,,,,,,,,2.8008500317658296,42.02675504717812,1.3638037075143847,30.953891862553725,,,,,,,,,,,,,,,,,,,,,,,,,1.157057388921067,36.08372785485884,,,,,,,,,,,,,,,,,,,,,,,,,0.6843134373549027,35.80959089828333,,,,,0.8868610023858291,35.80959089828333,,,,,,,,,,,,,,,,,,,,,,,,,,,,,62
2018-04-30,358.6246447968103,,,,,,,,,,,,,,,,,,,,,,,,,,,,,,,,,,,,,0.7968524891323028,35.78566636551601,,,0.5558910054188411,45.50178153676095,,,0.3397140691981818,30.730384063515626,,,0.7302615301427172,37.44985788338274,,,,,,,,,,,,,,,,,2.1704633049902555,30.052085274312383,,,,,,,,,,,,,,,,,,,,,,,,,,,2.8008500317658296,43.534544876891246,1.3638037075143847,29.999072151845784,,,,,,,,,,,,,,,,,,,,,,,,,1.157057388921067,36.418152238842744,,,,,,,,,,,,,,,,,,,,,,,,,0.6843134373549027,33.09846773933278,,,,,0.8868610023858291,36.05463266641004,,,,,,,,,,,,,,,,,,,,,,,,,,,,,62
2018-05-31,382.6365144590085,,,0.0530988709711601,34.47815928790144,,,,,,,,,,,,,,,,,,,,,,,,,,,,,,,,,0.7968524891323028,44.82158766548791,,,0.5558910054188411,49.71437185664162,,,0.3397140691981818,30.531433931788627,,,0.7302615301427172,38.53047189865371,,,,,,,,,,,,,,,,,2.1704633049902555,33.484312941840805,,,,,,,,,,,,,,,,,,,,,,,,,,,2.8008500317658296,52.82403330860674,1.3638037075143847,30.165611925340873,,,,,,,,,,,,,,,,,,,,,,,,,1.157057388921067,36.08446275649785,,,,,,,,,,,,,,,,,,,,,,,,,0.6843134373549027,32.00206888624895,,,,,,,,,,,,,,,,,,,,,,,,,,,,,,,,,,,62
2018-06-30,377.98704703967655,,,0.0530988709711601,35.62562511177272,,,,,,,,,,,,,,,,,,,,,,,,,,,,,,,,,0.7968524891323028,40.813402379366686,,,0.5558910054188411,45.77674977898908,,,0.3397140691981818,31.325409822582778,,,0.7302615301427172,39.96976493604631,,,,,,,,,,,,,0.6508680124114289,38.44161886796302,,,2.1704633049902555,34.19759947854366,,,,,,,,,,,,,,,,,,,,,,,,,,,,,,,,,,,,,,,,,,,,,,,,,,,,,,,1.157057388921067,34.95363892848625,,,,,,,,,,,,,,,0.729996562463951,38.44161886796302,,,,,,,,,,,,,,,,,0.3161838721422405,38.44161886796302,,,,,,,,,,,,,,,,,,,,,,,,,,,62
2018-07-31,383.0884508283789,,,0.0530988709711601,37.46284799191359,,,,,,,,,,,,,,,,,,,,,,,,,,,,,,,,,0.7968524891323028,41.085803586751226,,,0.5558910054188411,48.882761932206634,,,0.3397140691981818,31.285765456108965,,,0.7302615301427172,41.433753440299554,,,,,,,,,,,,,0.6508680124114289,37.87473126193818,,,2.1704633049902555,32.691787984862906,,,,,,,,,,,,,,,,,,,,,,,,,,,,,,,,,,,,,,,,,,,,,,,,,,,,,,,1.157057388921067,34.12285359125334,,,,,,,,,,,,,,,0.729996562463951,38.21531893110148,,,,,,,,,,,,,,,,,0.3161838721422405,40.03282665194301,,,,,,,,,,,,,,,,,,,,,,,,,,,62
2018-08-31,373.03375553531686,,,,,,,,,,,,,,,,,,,,,,,,,,,,,,,,,,,,,0.7968524891323028,40.8756716788352,,,0.5558910054188411,48.68864200415926,,,0.3397140691981818,29.350687021109938,,,0.7302615301427172,42.33025320901064,,,,,,,,,,,,,0.6508680124114289,37.25208348660663,,,2.1704633049902555,27.917731638392898,,,,,,,,,,,,,,,,,,,,,,,,,,,2.0052754975567217,40.72046242963511,,,,,,,,,,,,,,,,,,,,,,,,,,,1.157057388921067,28.866742171880095,,,,,,,,,,,,,,,0.729996562463951,38.01822230978619,,,,,,,,,,,,,,,,,0.3161838721422405,39.01325958590085,,,,,,,,,,,,,,,,,,,,,,,,,,,62
2018-09-30,369.20568800397734,,,,,,,,,,,,,,,,,,,,,,,,,,,,,,,,,,,,,0.7968524891323028,35.201949058298986,,,0.5558910054188411,47.31084897920811,,,0.3397140691981818,30.587639981170888,,,0.7302615301427172,44.61883909109625,,,0.3532114191656637,34.212260385164555,1.1851854359409384,34.212260385164555,,,,,,,0.6508680124114289,39.91318033674389,,,,,,,,,,,,,,,,,,,,,,,,,0.4832258184419628,34.212260385164555,,,,,,,,,,,,,,,,,,,,,,,,,,,,,,,,,1.157057388921067,28.094607723410547,,,,,,,,,,,,,,,,,,,,,,,,,,,,,,,,,0.3161838721422405,40.84184167855501,,,,,,,,,,,,,,,,,,,,,,,,,,,62
2018-10-31,318.7048986765041,,,,,,,,,,,,,,,,,,,,,,,,,,,,,,,,,,,,,0.7968524891323028,29.357003342792662,,,0.5558910054188411,37.88609766452653,,,0.3397140691981818,27.92860088262166,,,0.7302615301427172,40.295318882427416,,,0.3532114191656637,28.25052688268377,1.1851854359409384,27.80658773358729,,,,,,,0.6508680124114289,37.40628674758852,,,,,,,,,,,,,,,,,,,,,,,,,0.4832258184419628,25.67972018311262,,,,,,,,,,,,,,,,,,,,,,,,,,,,,,,,,1.157057388921067,28.900964753609983,,,,,,,,,,,,,,,,,,,,,,,,,,,,,,,,,0.3161838721422405,35.19379160355369,,,,,,,,,,,,,,,,,,,,,,,,,,,62
2018-11-30,312.57975790159986,,,,,,,,,,,,,,,,,,,,,,,,,,,,,,,,,,,,,0.7968524891323028,30.010774751818396,,,0.5558910054188411,33.231963074934114,,,0.3397140691981818,29.752151026973817,,,0.7302615301427172,38.31137171094293,,,0.3532114191656637,27.755936039269542,1.1851854359409384,23.19790801139883,,,,,,,0.6508680124114289,37.32178245680779,,,,,,,,,,,,,,,,,,,,,,,,,0.4832258184419628,26.88158550883705,,,,,,,,,,,,,,,,,,,,,,,,,,,,,,,,,1.157057388921067,30.228243458801632,,,,,,,,,,,,,,,,,,,,,,,,,,,,,,,,,0.3161838721422405,35.88804186181572,,,,,,,,,,,,,,,,,,,,,,,,,,,62
2018-12-31,278.33998764535806,,,,,,,,,,,,,,,,,,,,,,,,,,,,,,,,,,,,,0.7968524891323028,24.695066406027284,,,,,,,0.3397140691981818,27.479154648951184,,,0.7302615301427172,36.0941979318435,,,,,1.1851854359409384,19.344459387945243,,,,,,,0.6508680124114289,32.3367518142932,,,,,,,,,,,,,,,,,,,,,,,,,,,,,,,,,,,0.0105229990394974,25.644443326501325,,,,,,,,,,,,,,,,,,,,,,,1.157057388921067,32.387399922581466,,,,,,,,,,,,,,,0.6039671191580249,25.644443326501325,0.8869348000472542,25.644443326501328,,,,,,,,,,,,,,,0.3161838721422405,29.06962755421221,,,,,,,,,,,,,,,,,,,,,,,,,,,62
2019-01-31,311.8508947579455,,,,,,,,,,,,,,,,,,,,,,,,,,,,,,,,,,,,,0.7968524891323028,29.74615530702304,,,,,,,0.3397140691981818,28.95932330918881,,,0.7302615301427172,39.185507666009656,,,,,1.1851854359409384,22.93904881672904,,,,,,,0.6508680124114289,34.75049826159667,,,,,,,,,,,,,,,,,,,,,,,,,,,,,,,,,,,0.0105229990394974,27.991177445063325,,,,,,,,,,,,,,,,,,,,,,,1.157057388921067,32.01531458823834,,,,,,,,,,,,,,,0.6039671191580249,30.55469665036255,0.8869348000472542,30.447945501158344,,,,,,,,,,,,,,,0.3161838721422405,35.261227212575726,,,,,,,,,,,,,,,,,,,,,,,,,,,62
2019-03-31,330.66376397412444,,,,,,,,,,,,,,,,,,,,,,,,,,,,,,,,,,,,,0.7968524891323028,32.16663000387414,,,0.4984302998280357,32.28847392872369,,,,,,,0.7302615301427172,38.81097785917995,,,,,,,,,,,,,,,,,2.7140804605126174,32.28847392872369,,,,,,,,,,,,,,,,,,,,,,,,,,,,,,,0.0105229990394974,29.117138342289554,,,,,,,,,,,,,,,,,,,,,,,1.157057388921067,33.573370063372224,,,,,,,,,,,,,,,0.6039671191580249,31.913622668468104,,,,,,,,,0.6735470240335605,32.28847392872369,,,,,0.8355545783349009,32.28847392872369,0.3161838721422405,35.92812932204567,,,,,,,,,,,,,,,,,,,,,,,,,,,62
2019-04-30,343.962080493657,,,,,,,,,,,,,,,,,,,,,,,,,,,,,,,,,,,,,0.7968524891323028,32.73478074616178,,,0.4984302998280357,34.50751397664889,,,,,,,0.7302615301427172,36.705854363615266,,,,,,,,,,,,,,,,,2.7140804605126174,30.835613024860336,,,,,,,,,,,,,,,,,,,,,,,,,,,,,,,0.0105229990394974,33.17354380650772,,,,,,,,,,,,,,,,,,,,,,,1.157057388921067,29.271388283345996,,,,,,,,,,,,,,,0.6039671191580249,37.16209610452872,,,,,,,,,0.6735470240335605,33.83208428304303,,,,,0.8355545783349009,34.57472023759774,0.3161838721422405,41.16448566734762,,,,,,,,,,,,,,,,,,,,,,,,,,,62
2019-05-31,313.41346264281185,,,0.03412901505079,35.05425214888018,,,,,,,,,,,,,,,,,,,,,,,,,,,,,,,,,0.7968524891323028,25.379957266032218,,,0.4984302998280357,26.79603988831441,,,,,,,0.7302615301427172,34.286715401504416,,,,,,,,,,,,,,,,,2.7140804605126174,24.41384193249734,,,,,,,,,,,,,,,,,,,,,,,,,,,,,,,0.0105229990394974,33.690118754229616,,,,,,,,,,,,,,,,,,,,,,,1.157057388921067,31.962116978604048,,,,,,,,,,,,,,,,,,,,,,,,,0.6735470240335605,29.695873899591703,,,,,0.8355545783349009,33.36526595007189,0.3161838721422405,38.769280423086016,,,,,,,,,,,,,,,,,,,,,,,,,,,62
2019-06-30,344.40470784873725,,,0.03412901505079,37.52382717801861,,,,,,,,,,,,,,,,,,,,,,,,,,,,,,,,,0.7968524891323028,30.03412307933695,,,,,,,0.3429672964992603,32.36752290732079,,,,,,,,,,,,,,,,,,,,,,,,,,,,,,,,,,,,,,,,,,,,,,,,,,,,,0.0105229990394974,35.46513751286642,,,,,,,,,,,,,,,,,,,,,,,1.157057388921067,37.15873226198348,,,,,,,,,,,,,,,0.4928063757144978,32.36752290732079,0.8539332099693973,32.36752290732079,,,,,,,,,,,,,0.8355545783349009,33.770105632300165,0.3161838721422405,40.98269055494845,,,,,,,,,0.8081608540681534,32.36752290732079,,,,,,,,,,,,,,,,,62
2019-07-31,350.7454775233507,,,0.03412901505079,38.32825039580386,,,,,,,,,,,,,,,,,,,,,,,,,,,,,,,,,0.7968524891323028,34.93733265325464,,,,,,,0.3429672964992603,32.02158573257502,,,,,,,,,,,,,,,,,,,,,,,,,,,,,,,,,,,,,,,,,,,,,,,,,,,,,0.0105229990394974,35.19038087754485,,,,,,,,,,,,,,,,,,,,,,,1.157057388921067,35.41951139481977,,,,,,,,,,,,,,,0.4928063757144978,31.781082117079972,0.8539332099693973,31.68096313432282,,,,,,,,,,,,,0.8355545783349009,35.96245468499758,0.3161838721422405,41.0814980149929,,,,,,,,,0.8081608540681534,34.34241851795923,,,,,,,,,,,,,,,,,62
2019-08-31,348.75522385844397,,,,,,,,,,,,,,,,,,,,,,,,,,,,,,,,,,,,,0.7968524891323028,35.23308522790875,,,,,,,0.3429672964992603,30.61961480265916,,,,,,,,,,,,,,,,,0.7368716252214929,37.59959259155787,,,,,,,,,,,,,,,,,,,,,,,,,,,,,,,,,,,0.0105229990394974,37.872273543151465,,,,,,,,,,,,,,,,,,,,,,,1.157057388921067,38.687976503191805,,,,,,,,,,,,,,,0.4928063757144978,30.588491590206313,0.8539332099693973,29.61226380701895,,,,,,,,,,,,,0.8355545783349009,38.734229397377334,0.3161838721422405,36.41462579902331,,,,,,,,,0.8081608540681534,33.39307059634897,,,,,,,,,,,,,,,,,62
2019-09-30,357.5519985031607,,,,,,,,,,,,,,,,,,,,,,,,,,,,,,,,,,,,,0.7968524891323028,33.34962814348654,,,,,0.2751570536711874,35.89141537706134,0.3429672964992603,31.165624955805555,0.2314860998057016,35.89141537706134,0.78310311123229,35.89141537706134,,,,,,,,,,,,,0.7368716252214929,39.25113917826551,,,,,,,,,,,,,,,,,,,,,,,,,,,,,,,,,,,,,,,,,,,,,,,,,,,,,,,,,,,,,,,,,,,,,,,,,,,0.4928063757144978,28.58769702803888,,,,,,,,,,,,,,,0.8355545783349009,41.400686443217545,0.3161838721422405,41.81900789681394,,,,,,,,,0.8081608540681534,34.30396872634876,,,,,,,,,,,,,,,,,62
2019-10-31,350.06001603114703,,,,,,,,,,,,,,,,,,,,,,,,,,,,,,,,,,,,,0.7968524891323028,37.00757939757634,,,,,0.2751570536711874,31.806460864184466,0.3429672964992603,30.519193668434852,0.2314860998057016,37.2231880836431,0.78310311123229,34.77020054311709,,,,,,,,,,,,,0.7368716252214929,37.56124290748005,,,,,,,,,,,,,,,,,,,,,,,,,,,,,,,,,,,,,,,,,,,,,,,,,,,,,,,,,,,,,,,,,,,,,,,,,,,0.4928063757144978,25.522442649431557,,,,,,,,,,,,,,,0.8355545783349009,41.13363115930569,0.3161838721422405,42.89646272210138,,,,,,,,,0.8081608540681534,31.619614035872523,,,,,,,,,,,,,,,,,62
2019-11-30,362.2739351323392,,,,,,,0.8636027100670861,38.04147470154159,,,,,,,,,,,,,,,,,,,,,,,,,,,,,0.7968524891323028,36.97644018821557,,,,,0.2751570536711874,33.180069177396234,0.3429672964992603,30.77934453629793,0.2314860998057016,35.92143199199281,,,,,,,,,,,,,,,0.7368716252214929,37.87253507663862,,,,,,,,,,,,,,,,,,,,,,,,,,,,,,,,,,,,,,,,,,,,,,,,,,,,,,,,,,,,,,,,,,,,,,,,,,,0.4928063757144978,27.222625021628,,,,,,,,,,,,,,,0.8355545783349009,43.47424792867945,0.3161838721422405,46.58653056353779,,,,,,,,,0.8081608540681534,32.21923594641122,,,,,,,,,,,,,,,,,62
2019-12-31,377.0610652304201,,,,,,,0.8636027100670861,43.39050491198755,,,,,,,,,,,,,,,,,,,,,,,,,,,,,,,,,0.4799859874815462,35.41047258851839,,,0.3429672964992603,31.979567842810727,,,,,,,,,,,,,,,,,,,,,,,,,,,,,,,,,,,,,,,,,,,,,,,,,,,,,0.0092979677623266,35.41047258851839,,,,,,,,,,,,,,,,,,,,,,,0.9686984437557312,35.41047258851839,,,,,,,,,,,0.6535961369837947,35.41047258851839,0.9698440276858196,35.41047258851839,,,0.8387881594162327,35.41047258851839,,,,,,,,,,,,,0.8355545783349009,41.56478910231168,0.3161838721422405,47.66336784219995,,,,,,,,,,,,,,,,,,,,,,,,,,,62
2020-01-31,378.3728501869384,,,,,,,0.8636027100670861,37.158932584201494,,,,,,,,,,,,,,,,,,,,,,,,,,,,,,,,,0.4799859874815462,31.878866704429463,,,0.3429672964992603,28.431596908192795,,,,,,,,,,,,,,,,,,,,,,,,,,,,,,,,,,,,,,,,,,,,,,,,,,,,,0.0092979677623266,35.490063737366704,,,,,,,,,,,,,,,,,,,,,,,0.9686984437557312,36.853594701707806,,,,,,,,,,,0.6535961369837947,39.53942476555989,0.9698440276858196,40.87198298244818,,,0.8387881594162327,34.17268218342404,,,,,,,,,,,,,0.8355545783349009,46.64711076788779,0.3161838721422405,47.328594851720254,,,,,,,,,,,,,,,,,,,,,,,,,,,62
2020-02-29,333.54452664232554,,,,,,,0.8636027100670861,28.56278069411204,,,,,,,,,,,,,,,,,,,,,,,,,,,,,0.4879689153745976,25.050114644263292,,,,,,,0.3429672964992603,24.769498916658723,,,,,,,,,,,,,,,,,,,,,,,,,,,,,,,,,,,,,,,,,,,,,,,,,,,,,0.0092979677623266,34.09732078304592,,,,,,,,,,,,,,,,,,,,,,,0.9686984437557312,36.50189904708284,,,,,,,,,,,0.6535961369837947,34.55333076126099,0.9698440276858196,36.798504138426495,,,0.8387881594162327,30.80652889843522,,,,,,,,,,,,,0.8355545783349009,41.97452142475963,0.3161838721422405,40.4300273342804,,,,,,,,,,,,,,,,,,,,,,,,,,,62
2020-03-31,242.06178058522832,,,,,,,0.8636027100670861,11.373647757471185,,,,,,,,,,,,,,,,,,,,,,,,,,,,,,,,,,,0.2711078921212873,23.900473563149024,0.3429672964992603,19.45335013126762,,,0.9507604261127972,23.900473563149024,,,0.8616823088847102,23.900473563149024,,,,,,,,,,,,,,,,,,,,,,,,,,,,,,,,,,,,,,,,,,,,,,,,,,,,,,,,,,,,,,,,,,,,,0.9686984437557312,37.03351843532927,,,,,,,,,,,0.6535961369837947,25.216311120754884,,,0.6627973558772982,23.900473563149024,,,,,,,,,,,,,,,,,0.3161838721422405,29.482585324660196,,,,,,,,,,,0.159146752471473,23.900473563149024,,,,,,,,,,,,,,,62
2020-04-30,289.5701356200796,,,,,,,0.8636027100670861,13.73128276062838,,,,,,,,,,,,,,,,,,,,,,,,,,,,,,,,,,,0.2711078921212873,24.50890882345257,0.3429672964992603,24.69925279207209,,,0.9507604261127972,32.66914434322919,,,0.8616823088847102,31.6122432675782,,,,,,,,,,,,,,,,,,,,,,,,,,,,,,,,,,,,,,,,,,,,,,,,,,,,,,,,,,,,,,,,,,,,,0.9686984437557312,48.78473324384618,,,,,,,,,,,0.6535961369837947,21.61727136652727,,,0.6627973558772982,29.16971051967654,,,,,,,,,,,,,,,,,0.3161838721422405,33.067221553579444,,,,,,,,,,,0.159146752471473,29.710366949489767,,,,,,,,,,,,,,,62
2020-05-31,305.0527174522315,,,0.0290442484543374,33.33873060534293,,,0.8636027100670861,13.593106458792962,,,,,,,,,,,,,,,,,,,,,,,,,,,,,0.7124602447261983,33.33873060534293,,,,,0.2711078921212873,25.90617389675861,0.3429672964992603,24.618715450618915,,,,,,,0.8616823088847102,34.21831092469085,,,,,,,,,,,,,,,,,,,,,,,,,,,,,,,,,,,,,,,,,,,,,,,,,,,,,,,,,,,,,,,,,,,,,0.9686984437557312,47.956337620343895,,,,,,,,,,,0.6535961369837947,20.88610207658183,,,0.6627973558772982,30.89961202305569,,,,,,,,,,,,,,,,,0.3161838721422405,40.29689779070292,,,,,,,,,,,,,,,,,,,,,,,,,,,62
2020-06-30,317.4261989210736,,,0.0290442484543374,32.76539742448955,,,0.8636027100670861,14.180356565189213,,,,,,,,,,,,,,,,,,,,,,,,,,,,,0.7124602447261983,35.85078187158489,,,,,,,0.3429672964992603,24.307281196188995,,,,,,,0.8616823088847102,34.01020404962295,,,,,,,,,0.7755271930169065,27.37978365643308,,,,,,,,,,,,,,,,,,,,,,,,,,,,,,,,,,,0.0084019282413296,27.379783656433084,,,,,,,,,,,,,,,,,,,,,,,0.9686984437557312,50.63834679160822,,,,,,,,,,,,,,,,,,,,,,,,,,,,,,,0.5201513328788477,27.37978365643308,0.3161838721422405,43.534480053090554,,,,,,,,,,,,,,,,,,,,,,,,,,,62
2020-07-31,329.2380266029998,,,0.0290442484543374,35.0686077450947,,,0.8636027100670861,11.986805714562642,,,,,,,,,,,,,,,,,,,,,,,,,,,,,0.7124602447261983,34.8348280866362,,,,,,,0.3429672964992603,22.86622823852874,,,,,,,0.8616823088847102,31.452390391436182,,,,,,,,,0.7755271930169065,25.76343439171779,,,,,,,,,,,,,,,,,,,,,,,,,,,,,,,,,,,0.0084019282413296,33.02083745716102,,,,,,,,,,,,,,,,,,,,,,,0.9686984437557312,57.000659165951234,,,,,,,,,,,,,,,,,,,,,,,,,,,,,,,0.5201513328788477,32.66810858863336,0.3161838721422405,44.57612682327791,,,,,,,,,,,,,,,,,,,,,,,,,,,62
2020-08-31,329.822381172177,,,,,,,0.8636027100670861,14.232172266579632,,,,,,,,,,,,,,,,,,,,,,,,,,,,,0.7124602447261983,31.668654585132487,,,,,,,0.3429672964992603,22.863499090501332,,,,,,,0.8616823088847102,30.681085718823084,,,,,,,,,0.7755271930169065,24.453227906358023,,,2.369779570013764,34.74592657021987,,,,,,,,,,,,,,,,,,,,,,,,,,,,,,,0.0084019282413296,35.02209225266285,,,,,,,,,,,,,,,,,,,,,,,0.9686984437557312,55.41914469811286,,,,,,,,,,,,,,,,,,,,,,,,,,,,,,,0.5201513328788477,35.24067345715379,0.3161838721422405,45.49590462663309,,,,,,,,,,,,,,,,,,,,,,,,,,,62
2020-09-30,315.2739656619653,,,,,,,0.8636027100670861,13.109489402369,,,,,,,,,,,,,,,,,,,,,,,,,,,,,0.7124602447261983,32.677658903964215,,,,,,,0.3429672964992603,19.896393166459436,,,,,,,0.8616823088847102,24.320201177375544,,,,,,,,,,,,,2.369779570013764,34.8127095085037,,,,,,,,,,,,,,,,,,,,,,,,,,,,,,,0.0084019282413296,34.30608222533899,,,,,,,,,,,,,,,,,,,,,,,0.9686984437557312,52.264341480880184,,,,,,,,,,,,,0.4872841720073891,21.433163002852492,,,,,,,,,,,,,,,,,0.5201513328788477,37.438145370410126,0.3161838721422405,45.01578142381163,,,,,,,,,,,,,,,,,,,,,,,,,,,62
2020-10-31,311.98812695692,,,,,,,0.8636027100670861,11.83999318796358,,,,,,,,,,,,,,,,,,,,,,,,,,,,,0.7124602447261983,35.02966861300499,,,,,,,0.3429672964992603,19.205547153664703,,,,,,,0.8616823088847102,23.16983800509386,,,,,,,,,,,,,2.369779570013764,38.59669633160502,,,,,,,,,,,,,,,,,,,,,,,,,,,,,,,0.0084019282413296,33.21357924996865,,,,,,,,,,,,,,,,,,,,,,,0.9686984437557312,51.95938387067592,,,,,,,,,,,,,0.4872841720073891,18.922611539865816,,,,,,,,,,,,,,,,,0.5201513328788477,33.07209773782413,0.3161838721422405,46.97871126725328,,,,,,,,,,,,,,,,,,,,,,,,,,,62
2020-11-30,363.5117302688007,,,,,,,0.8636027100670861,17.254781751814434,,,,,,,,,,,,,,,,,,,,,,,,,,,,,0.7124602447261983,44.59776259547004,,,,,,,0.3429672964992603,24.091220591280724,,,,,,,0.8616823088847102,32.04258150227698,,,,,,,,,,,,,2.369779570013764,52.06325096674742,,,,,,,,,,,,,,,,,,,,,,,,,,,,,,,0.0084019282413296,33.58401895332759,,,,,,,,,,,,,,,,,,,,,,,0.9686984437557312,48.63542499868341,,,,,,,,,,,,,0.4872841720073891,20.254997597391345,,,,,,,,,,,,,,,,,0.5201513328788477,36.8787818845148,0.3161838721422405,54.10890942729392,,,,,,,,,,,,,,,,,,,,,,,,,,,62
2020-12-31,381.74597389420535,,,,,,,0.8636027100670861,18.70563456827777,,,,,,,,,,,,,,,,,,,,,,,,,,,,,,,,,,,,,0.3429672964992603,23.680194675229263,,,,,,,,,,,,,,,,,,,,,2.369779570013764,57.9173099968313,,,,,,,,,,,,,,,,,,,,,0.8356801977572261,40.172568639827034,,,,,,,,,0.0084019282413296,34.27869185722218,,,,,,,,,,,,,,,,,,,,,,,0.9686984437557312,49.5201664239984,,,,,,,,,,,,,0.4872841720073891,20.018231366460643,,,0.834623747045218,40.172568639827034,,,,,,,,,,,,,,,0.3161838721422405,57.10803908670466,,,,,,,,,,,,,1.1712491944692045,40.172568639827034,,,,,,,,,,,,,62
2021-01-31,380.72942352284497,,,,,,,0.8636027100670861,16.123462662840154,,,,,,,,,,,,,,,,,,,,,,,,,,,,,,,,,,,,,0.3429672964992603,23.89050130457447,,,,,,,,,,,,,,,,,,,,,2.369779570013764,59.898329246110436,,,,,,,,,,,,,,,,,,,,,0.8356801977572261,37.63640050609322,,,,,,,,,0.0084019282413296,37.35900572240742,,,,,,,,,,,,,,,,,,,,,,,0.9686984437557312,49.611222097035295,,,,,,,,,,,,,0.4872841720073891,20.261994277168245,,,0.834623747045218,42.8176112102473,,,,,,,,,,,,,,,0.3161838721422405,58.14834944739824,,,,,,,,,,,,,1.1712491944692045,34.982547048970176,,,,,,,,,,,,,62
2021-03-31,441.96411596616525,,,,,,,0.8636027100670861,22.92001671583236,,,,,,,,,,,,,,,,,,,,,,,,,,,,,,,,,,,,,,,,,,,,,,,,,,,,,,,,,,,2.369779570013764,73.29810998296065,,,,,,,,,,,,,,,,,,,,,0.8356801977572261,46.63388404702096,,,,,,,,,0.0084019282413296,39.58089728682866,,,,,,,,,,,,,,,,,,,,,,,0.9686984437557312,50.16893024189229,,,,,,,,,,,,,0.4872841720073891,24.42618052042315,,,,,,,,,,,,,,,,,0.4546271553706015,38.76457495001665,0.3161838721422405,68.64237232115724,,,,,,,,,,,,,,,0.2015733734186425,38.76457495001665,0.5181710278731603,38.76457495001666,,,,,,,,,62
2021-04-30,484.1735713648333,,,,,,,0.8636027100670861,24.146330982823834,,,,,,,,,,,,,,,,,,,,,,,,,,,,,,,,,,,,,,,,,,,,,,,,,,,,,,,,,,,2.369779570013764,83.93780499049103,,,,,,,,,,,,,,,,,,,,,0.8356801977572261,53.43966760701965,,,,,,,,,0.0084019282413296,42.161716928317254,,,,,,,,,,,,,,,,,,,,,,,0.9686984437557312,52.45823711092439,,,,,,,,,,,,,0.4872841720073891,27.61685795937444,,,,,,,,,,,,,,,,,0.4546271553706015,42.75325950582261,0.3161838721422405,76.3054022534034,,,,,,,,,,,,,,,0.2015733734186425,41.42332823753104,0.5181710278731603,39.93096578912567,,,,,,,,,62
2021-05-31,518.0305450326341,,,0.040493757313024,56.95851804788256,,,0.8636027100670861,25.528095648369455,,,,,,,,,,,,,,,,,,,,,,,,,,,,,,,,,,,,,,,,,,,,,,,,,,,,,,,,,,,2.369779570013764,95.30134568909334,,,,,,,,,,,,,,,,,,,,,,,,,,,,,,,0.0084019282413296,41.06215559477347,,,,,,,,,,,,,,,,,,,,,,,0.9686984437557312,61.763043435884995,,,,,,,,,,,,,0.4872841720073891,26.995571755369976,,,,,,,,,,,,,,,,,0.4546271553706015,41.44833958004089,0.3161838721422405,76.7306409999033,,,,,,,,,,,,,,,0.2015733734186425,42.46747683547213,0.5181710278731603,49.77535744584395,,,,,,,,,62
2021-06-30,485.03034076912377,,,0.040493757313024,60.425593351300265,,,0.8636027100670861,22.764567964469652,,,,,,,,,,,,,,,,,,,,,,,,,,,,,,,,,,,,,,,,,,,,,0.6325617134754875,42.364135498863966,,,,,,,,,,,,,2.369779570013764,82.78634509459056,,,,,,,,,,,,,,,,,,,,,0.618843824626459,42.364135498863966,,,,,,,,,,,,,,,,,,,,,,,,,,,,,,,,,0.9686984437557312,53.27355879379097,,,,,,,,,,,,,0.4872841720073891,25.491404569198668,,,,,,,,,,,,,,,,,0.4546271553706015,39.38589271690459,0.3161838721422405,73.81057178227715,,,,,,,,,,,,,1.1441111788873104,42.364135498863966,,,,,,,,,,,,,62
2021-07-31,488.2529925708504,,,0.040493757313024,65.74444738574886,,,0.8636027100670861,18.696998343514124,,,,,,,,,,,,,,,,,,,,,,,,,,,,,,,,,,,,,,,,,,,,,0.6325617134754875,36.99245966975237,,,,,,,,,,,,,2.369779570013764,84.99487833361702,,,,,,,,,,,,,,,,,,,,,0.618843824626459,42.52429967628404,,,,,,,,,,,,,,,,,,,,,,,,,,,,,,,,,0.9686984437557312,53.19852959914216,,,,,,,,,,,,,0.4872841720073891,25.69596636943468,,,,,,,,,,,,,,,,,0.4546271553706015,41.59119792238898,0.3161838721422405,76.3848052405817,,,,,,,,,,,,,1.1441111788873104,42.42941003038648,,,,,,,,,,,,,62
2021-08-31,486.2655767933677,,,,,,,0.8636027100670861,20.84736889391819,,,,,,,,,,,,,,,,,,,,,,,,,,,,,0.8714689604799079,62.730905130088395,,,,,,,,,,,,,,,0.6325617134754875,34.90028660839538,,,,,,,,,,,,,2.369779570013764,81.35091194111851,,,,,,,,,,,,,,,,,,,,,0.618843824626459,44.779591463123474,,,,,,,,,,,,,,,,,,,,,,,,,,,,,,,,,0.9686984437557312,49.10828925518655,,,,,,,,,,,,,0.4872841720073891,25.222982265844852,,,,,,,,,,,,,,,,,0.4546271553706015,41.67400907453798,0.3161838721422405,80.93716115422633,,,,,,,,,,,,,1.1441111788873104,44.714071006927995,,,,,,,,,,,,,62
2021-09-30,463.6135063007813,,,,,,,0.8636027100670861,21.5987039764408,,,,,,,,,,,,,,,,,,,,,,,,,,,,,0.8714689604799079,60.41574656234862,,,,,,,0.5156824435018629,44.500339462027966,,,0.7600803264755395,44.50033946202797,,,0.6325617134754875,41.490622944105134,,,,,,,,,,,,,2.369779570013764,72.7217653155785,,,,,,,,,,,,,,,,,,,,,,,,,,,,,,,,,,,,,,,,,,,,,,,,,,,,,,,,,,,,,,,,,,,,,0.4872841720073891,21.504631744633116,,,,,,,,,,,,,,,,,0.4546271553706015,36.67404340001332,0.3161838721422405,78.67000757992419,,,,,,,,,,,,,1.1441111788873104,41.53730585368168,,,,,,,,,,,,,62
2021-10-31,506.3435220095701,,,,,,,0.8636027100670861,19.137435923311312,,,,,,,,,,,,,,,,,,,,,,,,,,,,,0.8714689604799079,58.89775018398338,,,,,,,0.5156824435018629,50.22023552383688,,,0.7600803264755395,48.912948127385064,,,0.6325617134754875,47.79148720236147,,,,,,,,,,,,,2.369779570013764,84.32416519344368,,,,,,,,,,,,,,,,,,,,,,,,,,,,,,,,,,,,,,,,,,,,,,,,,,,,,,,,,,,,,,,,,,,,,0.4872841720073891,22.581733791223304,,,,,,,,,,,,,,,,,0.4546271553706015,38.988825815771165,0.3161838721422405,89.99155740530448,,,,,,,,,,,,,1.1441111788873104,45.497382842949335,,,,,,,,,,,,,62
2021-11-30,507.2522599530271,,,,,,,0.8636027100670861,15.216680476146294,,,,,,,,,,,,,,,,,,,,,,,,,,,,,0.8714689604799079,71.5978651063849,,,,,,,,,,,0.7600803264755395,46.32666162099561,,,0.6325617134754875,45.17564529726475,,,,,,,,,,,,,2.369779570013764,83.06736227489394,,,,,,,,,,,,,,,,,,,,,,,,,,,,,,,,,,,,,,,,,,,,,,,,,,,,,,,,,,,,,,,,,,,,,0.4872841720073891,23.49758690566503,,,,,,,,,,,,,,,,,0.4546271553706015,42.67064259134986,0.3161838721422405,86.25941437543801,,,,,,,,,,,,,1.1441111788873104,43.93076353534443,,,,,0.5155769842380518,49.50963776954424,,,,,,,62
2021-12-31,551.5639939307305,,,,,,,0.8636027100670861,17.37568725131401,,,,,,,,,,,,,,,,,,,,,,,,,,,,,0.8714689604799079,79.396924550482,,,,,,,,,,,0.7600803264755395,47.68085044911716,,,0.6325617134754875,46.12587294752382,,,,,,,,,,,,,2.369779570013764,93.48436160822423,,,,,,,,,,,,,,,,,,,,,0.5313519563940047,40.85690425598,,,,,,,,,,,,,,,,,,,,,,,,,,,,,,,,,,,,,,,,,,,,,,,,,,,0.810967537369554,40.85690425598,,,,,,,,,,,,,,,0.3161838721422405,90.18384598575037,,,,,,,,,,,,,,,,,,,0.5155769842380518,54.74573837037896,0.4551735617883603,40.85690425598,,,,,62
2022-01-31,552.5102701312807,,,,,,,0.8636027100670861,17.10796922521537,,,,,,,,,,,,,,,,,,,,,,,,,,,,,0.8714689604799079,70.19805080178469,,,,,,,,,,,0.7600803264755395,58.70326775679269,,,0.6325617134754875,59.23286611699301,,,,,,,,,,,,,2.369779570013764,83.38097766507231,,,,,,,,,,,,,,,,,,,,,0.5313519563940047,36.02930060772913,,,,,,,,,,,,,,,,,,,,,,,,,,,,,,,,,,,,,,,,,,,,,,,,,,,0.810967537369554,43.792191333234264,,,,,,,,,,,,,,,0.3161838721422405,90.97610041098568,,,,,,,,,,,,,,,,,,,0.5155769842380518,45.29624582632473,0.4551735617883603,47.79330038714886,,,,,62
2022-03-31,587.560326855074,,,,,,,0.8636027100670861,17.46204620456756,,,,,,,,,,,,,,,,,,,,,,,,,,,,,,,,,,,,,,,,,0.7600803264755395,66.57475453503093,,,,,,,,,,,,,,,,,2.369779570013764,111.799990362188,,,,,,,,,,,,,,,,,,,,,,,,,,,,,,,,,,,,,,,,,,,,,,,,,,,,,,,,,,,0.8610507226249521,52.81925910406511,,,,,,,,,,,0.6307530505313947,52.81925910406511,,,,,,,,,,,,,,,,,0.3161838721422405,90.11425620041436,,,,,,,,,0.5528249158191467,52.81925910406511,,,,,,,0.3745585466769487,52.81925910406511,0.5155769842380518,38.40211475213822,0.4551735617883603,51.93012838447439,,,,,62
2022-04-30,534.2952486244955,,,,,,,0.8636027100670861,14.94032622528401,,,,,,,,,,,,,,,,,,,,,,,,,,,,,,,,,,,,,,,,,0.7600803264755395,63.78223987426488,,,,,,,,,,,,,,,,,2.369779570013764,91.14369081131017,,,,,,,,,,,,,,,,,,,,,,,,,,,,,,,,,,,,,,,,,,,,,,,,,,,,,,,,,,,0.8610507226249521,49.68686783274707,,,,,,,,,,,0.6307530505313947,46.06389451034554,,,,,,,,,,,,,,,,,0.3161838721422405,79.65251461157517,,,,,,,,,0.5528249158191467,49.62633164779816,,,,,,,0.3745585466769487,55.18074512193714,0.5155769842380518,36.187968229,0.4551735617883603,48.03066976023327,,,,,62
2022-05-31,546.2634123099873,,,0.0185238785762963,38.15270470069627,,,0.8636027100670861,11.986805714562642,,,,,,,,,,,,,,,,,,,,,,,,,,,,,,,,,,,,,,,,,0.7600803264755395,75.02692523944683,,,,,,,,,,,,,,,,,2.369779570013764,88.11496817024597,,,,,,,,,,,,,,,,,,,,,,,,,,,,,,,,,,,,,,,,,,,,,,,,,,,,,,,,,,,0.8610507226249521,49.86995738783832,,,,,,,,,,,0.6307530505313947,44.537473283002896,,,,,,,,,,,,,,,,,0.3161838721422405,82.88674137647936,,,,,,,,,0.5528249158191467,50.62059572807943,,,,,,,0.3745585466769487,47.22343637425482,,,0.4551735617883603,57.843804335380824,,,,,62
2022-06-30,454.2471783968788,,,0.0185238785762963,39.81004009665705,,,0.8636027100670861,7.470163112642005,,,,,,,,,,,,,,,,,,,,,,,,,,,,,,,,,,,,,,,,,0.7600803264755395,60.23872024797707,,,0.4140601079900656,39.26399716616468,,,,,,,,,0.5128832588632517,39.263997166164685,,,2.369779570013764,65.97350195185636,,,,,,,,,,,,,,,,,,,,,,,,,,,,,,,,,,,,,,,,,,,,,,,,,,,,,,,,,,,,,,,,,,,,,,,,,,,,,,,,,,,,,,,,,0.3161838721422405,71.63974100776932,,,,,,,,,0.5528249158191467,44.11638739175708,,,,,,,,,,,0.4551735617883603,47.20663308972576,0.6971989950844398,39.26399716616468,,,62
2022-07-31,493.243458186487,,,0.0185238785762963,39.592750840320306,,,0.8636027100670861,7.824240915589919,,,,,,,,,,,,,,,,,,,,,,,,,,,,,,,,,,,,,,,,,0.7600803264755395,65.85682679563082,,,0.4140601079900656,40.08492111653506,,,,,,,,,0.5128832588632517,44.4402121353329,,,2.369779570013764,71.13682878026712,,,,,,,,,,,,,,,,,,,,,,,,,,,,,,,,,,,,,,,,,,,,,,,,,,,,,,,,,,,,,,,,,,,,,,,,,,,,,,,,,,,,,,,,,0.3161838721422405,81.35730031648467,,,,,,,,,0.5528249158191467,49.138847640760986,,,,,,,,,,,0.4551735617883603,49.88355939687753,0.6971989950844398,43.92797024868765,,,62
2022-08-31,509.7947384236399,,,,,,,0.8636027100670861,8.169681670178463,,,,,,,,,,,,,,,,,,,,,,,,,,,,,,,,,,,,,,,,,0.7600803264755395,73.98161762615163,,,0.4140601079900656,44.050256168211554,,,,,,,,,0.5128832588632517,43.82584942673699,,,2.369779570013764,67.12089837151201,,,,,,,,,,,,,,,,,,,,,,,,,,,,,,,,,,,,,,,,,,,,,,,,,,,,,,,,,,,0.7863732462276146,39.255987994084,,,,,,,,,,,,,,,,,,,,,,,,,,,,,0.3161838721422405,80.78159729965245,,,,,,,,,0.5528249158191467,53.24018749913614,,,,,,,,,,,0.4551735617883603,51.93313574153394,0.6971989950844398,47.43552662644273,,,62
2022-09-30,468.9472635114414,,,,,,,0.8636027100670861,6.071127232962675,,,,,,,,,,,,,,,,,,,,,,,,,,,,,,,,,,,,,0.5467566618784739,69.48676821379993,,,,,,,0.4140601079900656,40.57489898358287,,,,,,,,,0.5128832588632517,40.41859492484893,,,2.369779570013764,61.97344576843139,,,,,,,,,,,,,,,,,,,,,,,,,,,,,,,,,,,,,,,,,,,,,,,,,,,,,,,,,,,0.7863732462276146,35.31127372288553,,,,,,,,,,,,,,,,,,,,,,,,,,,,,0.3161838721422405,76.29348553336874,,,,,,,,,0.5528249158191467,49.724233350266985,,,,,,,,,,,0.4551735617883603,48.03832358813077,0.6971989950844398,41.05511219316361,,,62
2022-10-31,567.6934798494443,,,,,,,0.8636027100670861,7.824240915589919,,,,,,,,,,,,,,,,,,,,,,,,,,,,,,,,,,,,,0.5467566618784739,87.4932547964757,,,,,,,0.4140601079900656,50.18994698061082,,,,,,,,,0.5128832588632517,51.29749010593163,,,2.369779570013764,71.86017275180271,,,,,,,,,,,,,,,,,,,,,,,,,,,,,,,,,,,,,,,,,,,,,,,,,,,,,,,,,,,0.7863732462276146,39.27127485192845,,,,,,,,,,,,,,,,,,,,,,,,,,,,,0.3161838721422405,93.60525692227588,,,,,,,,,0.5528249158191467,54.89555800512292,,,,,,,,,,,0.4551735617883603,62.65400597084853,0.6971989950844398,48.60227854885778,,,62
2022-11-30,591.4291512919134,,,,,,,0.8636027100670861,8.575575174516796,,,,,,,,,,,,,,,,,,,,,,,,,,,,,,,,,,,,,0.5467566618784739,88.65886698302491,,,,,,,0.4140601079900656,52.48800395676232,,,,,,,,,0.5128832588632517,51.542846238290196,,,2.369779570013764,90.72224640077992,,,,,,,,,,,,,,,,,,,,,,,,,,,,,,,,,,,,,,,,,,,,,,,,,,,,,,,,,,,0.7863732462276146,37.48123059484678,,,,,,,,,,,,,,,,,,,,,,,,,,,,,0.3161838721422405,100.51847911060857,,,,,,,,,0.5528249158191467,55.892618433359424,,,,,,,,,,,0.4551735617883603,59.02900166892841,0.6971989950844398,46.52028273079599,,,62
2022-12-31,548.9034980355588,,,,,,,0.8636027100670861,6.960638205522833,,,,,,,,,,,,,,,,,,,,,,,,,,,,,,,,,,,,,0.5467566618784739,87.48283458360513,,,0.4807125905378571,51.59667665263782,,,,,,,,,,,,,0.5128832588632517,51.47245157103136,,,2.369779570013764,86.619238272496,,,,,,,,,,,,,,,,,,,,,,,,,,,,,,,,,,,,,,,,,,,,,,,,,,,,,,,,,,,0.7863732462276146,32.147719087448884,,,,,,,,,,,,,,,,,,,,,,,,,,,,,0.3161838721422405,94.67089151918886,,,,,,,,,0.5528249158191467,44.18753188241899,,,,,,,,,0.612333631361035,51.59667665263782,,,0.6971989950844398,42.16883960857107,,,62
2023-01-31,592.1559013765238,,,,,,,0.8636027100670861,9.34418105937524,,,,,,,,,,,,,,,,,,,,,,,,,,,,,,,,,,,,,0.5467566618784739,84.81678682929379,,,0.4807125905378571,53.62133809200887,,,,,,,,,,,,,0.5128832588632517,54.13707559374293,,,2.369779570013764,101.70919008740712,,,,,,,,,,,,,,,,,,,,,,,,,,,,,,,,,,,,,,,,,,,,,,,,,,,,,,,,,,,0.7863732462276146,36.30267265064665,,,,,,,,,,,,,,,,,,,,,,,,,,,,,0.3161838721422405,106.45268726538949,,,,,,,,,0.5528249158191467,43.92821384119501,,,,,,,,,0.612333631361035,58.381208272493275,,,0.6971989950844398,43.462547684971554,,,62
2023-03-31,544.9128286231761,,,,,,,0.8636027100670861,8.765567177742634,,,,,,,,,,,,,,,,,,,,,,,,,,,,,,,,,0.5026876049865565,64.86831624210082,,,,,,,,,,,,,,,,,,,,,0.5128832588632517,51.567572414077226,2.9337915922088382,64.86831624210082,2.369779570013764,93.56211457637032,,,,,,,,,,,,,,,,,,,,,,,,,,,,,,,,,,,,,,,,,,,,,,,,,,,,,,,,,,,0.7863732462276146,33.62063903843087,,,,,,,,,,,,,,,,,,,,,,,,,,,0.6799003139193588,64.86831624210082,,,,,0.5958497732760376,64.86831624210082,,,,,0.5528249158191467,37.76966026199947,,,,,,,,,0.612333631361035,60.15401018615216,,,,,,,62
2023-04-30,539.180680329354,,,,,,,0.8636027100670861,7.9537809926616925,,,,,,,,,,,,,,,,,,,,,,,,,,,,,,,,,0.5026876049865565,53.28401553770637,,,,,,,,,,,,,,,,,,,,,0.5128832588632517,55.64933617433526,2.9337915922088382,69.25630124753613,2.369779570013764,86.70105019689109,,,,,,,,,,,,,,,,,,,,,,,,,,,,,,,,,,,,,,,,,,,,,,,,,,,,,,,,,,,0.7863732462276146,31.68526763944725,,,,,,,,,,,,,,,,,,,,,,,,,,,0.6799003139193588,72.92290341667284,,,,,0.5958497732760376,59.87180094817168,,,,,0.5528249158191467,37.29552533683003,,,,,,,,,0.612333631361035,64.56069883910168,,,,,,,62
2023-05-31,490.27660554290816,,,,,,,0.8636027100670861,9.69825803872743,,,,,,,,,,,,,,,,,,,,,,,,,,,,,,,,,0.5026876049865565,49.7385706596652,,,,,,,,,,,,,,,,,,,,,0.5128832588632517,48.050104671610384,2.9337915922088382,62.898792191703,2.369779570013764,78.82390883639987,,,,,,,,,,,,,,,,,,,,,,,,,,,,,,,,,,,,,,,,,,,,,,,,,,,,,,,,,,,0.7863732462276146,23.632700785907502,,,,,,,,,,,,,,,,,,,,,,,,,,,0.6799003139193588,70.94410571577266,,,,,0.5958497732760376,52.93140486885971,,,,,0.5528249158191467,32.0487224846395,,,,,,,,,0.612333631361035,61.5100372896229,,,,,,,62
2023-06-30,561.0555847062452,,,,,,,0.8636027100670861,16.261638964675573,,,,,,,,,,,,,,,,,,,,,,,,,,,,,,,,,,,,,0.5032360894320131,71.90870222448342,,,,,,,,,,,,,,,,,0.5128832588632517,50.87190171265355,,,,,,,,,,,,,,,,,,,,,,,,,,,,,,,,,,,0.0113230993033054,71.90870222448342,,,,,,,,,,,,,,,,,,,,,,,,,,,0.7863732462276146,26.036758667043017,,,,,,,,,,,,,,,,,,,,,,,,,,,,,0.22325862568447,71.90870222448342,,,,,,,,,0.5528249158191467,36.38673755769616,,,,,,,,,0.612333631361035,71.95503668175976,0.6000161073054552,71.90870222448342,1.267342771329978,71.90870222448342,,,62
2023-07-31,593.027272588163,,,,,,,0.8636027100670861,16.270275189439218,,,,,,,,,,,,,,,,,,,,,,,,,,,,,,,,,,,,,0.5032360894320131,74.7923810847924,,,,,,,,,,,,,,,,,0.5128832588632517,50.86716308330111,,,,,,,,,,,,,,,,,,,,,,,,,,,,,,,,,,,0.0113230993033054,71.40844570687484,,,,,,,,,,,,,,,,,,,,,,,,,,,0.7863732462276146,30.32166852057385,,,,,,,,,,,,,,,,,,,,,,,,,,,,,0.22325862568447,75.4352932410288,,,,,,,,,0.5528249158191467,43.022530303531795,,,,,,,,,0.612333631361035,72.82785690535582,0.6000161073054552,80.64548461312071,1.267342771329978,77.43617394014446,,,62
2023-08-31,583.3123959347398,,,,,,,0.8636027100670861,13.66219460971067,,,,,,,,,,,,,,,,,,,,,,,,,,,,,,,,,,,,,0.5032360894320131,73.62245853667102,,,,,,,,,,,,,,,,,0.5128832588632517,52.74076860819678,,,,,,,,,,,,,,,,,,,,,,,,,,,,,,,,,,,0.0113230993033054,72.21114176456615,,,,,,,,,,,,,,,,,,,,,,,,,,,0.7863732462276146,28.90080068052533,,,,,,,,,,,,,,,,,,,,,,,,,,,,,0.22325862568447,73.0820704721489,,,,,,,,,0.5528249158191467,40.39652338128367,,,,,,,,,0.612333631361035,68.5903551303035,0.6000161073054552,83.08695945575413,1.267342771329978,77.0191232955797,,,62
2023-09-30,586.1826615211079,,,,,,,0.8636027100670861,11.848629412727224,,,,,,,,,,,,,,,,,,,,,,,,,,,,,,,,,,,,,0.5032360894320131,77.79965748073823,,,,,,,,,,,,,,,,,0.5128832588632517,56.22892806507336,,,,,,,,,,,,,,,,,,,,,,,,,,,,,,,,,,,0.0113230993033054,67.52303586385862,,,,,,,,,,,,,,,,,,,,,,,,,,,0.7863732462276146,26.48310731816298,,,,,,,,,,,,,,,,,,,,,,,,,,,,,0.22325862568447,71.64620573181541,,,,,,,,,0.5528249158191467,45.16707190431155,,,,,,,,,0.612333631361035,64.63931479329894,0.6000161073054552,85.26397712584851,1.267342771329978,79.582733825273,,,62
2023-10-31,549.4448459669693,,,,,,,0.8636027100670861,9.896887090312635,,,,,,,,,,,,,,,,,,,,,,,,,,,,,,,,,,,,,0.5032360894320131,67.23843388688276,,,,,,,,,,,,,,,,,0.5128832588632517,50.61942394080576,,,,,,,,,,,,,,,,,,,,,,,,,,,,,,,,,,,0.0113230993033054,61.2876350779829,,,,,,,,,,,,,,,,,,,,,,,,,,,0.7863732462276146,24.285263029806337,,,,,,,,,,,,,,,,,,,,,,,,,,,,,0.22325862568447,68.36249568110256,,,,,,,,,0.5528249158191467,42.02740159077568,,,,,,,,,0.612333631361035,61.44277365113157,0.6000161073054552,88.2587932388269,1.267342771329978,76.02573877934218,,,62
2023-11-30,573.0204133800585,,,,,,,0.8636027100670861,13.005857175992436,,,,,,,,,,,,,,,,,,,,,,,,,,,,,,,,,,,,,0.5032360894320131,66.25567376008425,,,,,,,,,,,,,,,,,0.5128832588632517,49.13215953222284,,,,,,,,,,,,,,,,,,,,,,,,,,,,,,,,,,,0.0113230993033054,69.69809376865338,,,,,,,,,,,,,,,,,,,,,,,,,,,0.7863732462276146,26.834918032672288,,,,,,,,,,,,,,,,,,,,,,,,,,,,,0.22325862568447,76.82495690895121,,,,,,,,,0.5528249158191467,39.58835773362484,,,,,,,,,0.612333631361035,73.92119702947323,0.6000161073054552,85.00523299729994,1.267342771329978,72.75396644108407,,,62
2023-12-31,611.5478850903373,,,,,,,0.8636027100670861,16.01119503529567,,,,,,,,,,,,,,,,,,,,,,,,,,,,,,,,,,,,,,,,,,,,,,,,,,,,,,,0.5128832588632517,48.24949101236491,2.2979472534407654,55.307737043862055,,,,,,,,,,,,,,,,,,,,,,,,,,,,,,,,,0.0113230993033054,79.26679272936754,,,,,,,,,,,,,,,,,,,,,,,,,,,,,,,,,,,,,0.5428540851277218,55.307737043862055,,,0.6150792990446413,55.307737043862055,,,,,,,,,,,,,0.3701336209974629,55.307737043862055,,,,,,,,,,,,,,,,,,,,,0.612333631361035,86.12582404296828,0.6000161073054552,87.22087780296442,1.267342771329978,73.44275629192825,,,62
2024-01-31,608.9868395400246,,,,,,,0.8636027100670861,14.31853286702463,,,,,,,,,,,,,,,,,,,,,,,,,,,,,,,,,,,,,,,,,,,,,,,,,,,,,,,0.5128832588632517,49.6152258169609,2.2979472534407654,53.92071026853608,,,,,,,,,,,,,,,,,,,,,,,,,,,,,,,,,0.0113230993033054,80.11421171199265,,,,,,,,,,,,,,,,,,,,,,,,,,,,,,,,,,,,,0.5428540851277218,56.135275586764315,,,0.6150792990446413,58.77773652963523,,,,,,,,,,,,,0.3701336209974629,52.00703252546269,,,,,,,,,,,,,,,,,,,,,0.612333631361035,86.59391318884116,0.6000161073054552,86.46723208322328,1.267342771329978,71.03696896158367,,,62
2024-02-29,653.1845143996359,,,,,,,0.8636027100670861,13.696738685169525,,,,,,,,,,,,,,,,,,,,,,,,,,,,,,,,,,,,,,,,,,,,,,,,,,,,,,,0.5128832588632517,50.440459488234886,2.2979472534407654,55.87121817798986,,,,,,,,,,,,,,,,,,,,,,,,,,,,,,,,,0.0113230993033054,86.34508436391847,,,,,,,,,,,,,,,,,,,,,,,,,,,,,,,,,,,,,0.5428540851277218,58.18612441268663,,,0.6150792990446413,64.92542765685633,,,,,,,,,,,,,0.3701336209974629,54.3833970025576,,,,,,,,,,,,,,,,,,,,,0.612333631361035,91.89416456815805,0.6000161073054552,102.65380552437831,1.267342771329978,74.78809451968625,,,62
2024-03-31,711.7053949231563,,,,,,,0.8636027100670861,14.111268414271503,,,,,,,,,,,,,,,,,,,,,,,,,,,,,,,,,,,,,,,,,,,,,,,,,,,,,,,,,2.2979472534407654,60.42239307308006,1.516214843544938,69.84465447391682,,,,,,,,,,,,,,,,,,,,,0.7291441173251383,69.84465447391682,,,,,,,,,0.0113230993033054,91.71665099049352,,,,,,,,,,,,,,,,,,,,,,,,,,,,,,,,,,,,,0.5428540851277218,64.75743706020265,,,,,,,,,,,,,,,,,0.3701336209974629,60.004694063430456,0.1624265586383344,69.84465447391682,,,,,,,,,,,,,,,,,,,0.612333631361035,99.7032310011363,0.6000161073054552,111.45575689879138,,,,,62
2024-04-30,672.998389776598,,,,,,,0.8636027100670861,12.798591899643585,,,,,,,,,,,,,,,,,,,,,,,,,,,,,,,,,,,,,,,,,,,,,,,,,,,,,,,,,2.2979472534407654,59.7689029271178,1.516214843544938,74.18209408959311,,,,,,,,,,,,,,,,,,,,,0.7291441173251383,61.60159099818875,,,,,,,,,0.0113230993033054,84.23083835816524,,,,,,,,,,,,,,,,,,,,,,,,,,,,,,,,,,,,,0.5428540851277218,59.92308187922064,,,,,,,,,,,,,,,,,0.3701336209974629,51.96030835177933,0.1624265586383344,65.59924318535685,,,,,,,,,,,,,,,,,,,0.612333631361035,87.89978454687204,0.6000161073054552,115.03395354066068,,,,,62
2024-05-31,698.4342564139333,,,,,,,0.8636027100670861,13.023128801924,,,,,,,,,,,,,,,,,,,,,,,,,,,,,,,,,,,,,,,,,,,,,,,,,,,,,,,,,2.2979472534407654,62.30296604910812,1.516214843544938,78.55866757684923,,,,,,,,,,,,,,,,,,,,,0.7291441173251383,63.800872387104945,,,,,,,,,0.0113230993033054,86.96966829072306,,,,,,,,,,,,,,,,,,,,,,,,,,,,,,,,,,,,,0.5428540851277218,63.09618477724751,,,,,,,,,,,,,,,,,0.3701336209974629,53.89664779613601,0.1624265586383344,69.55312636133148,,,,,,,,,,,,,,,,,,,0.612333631361035,93.26857027656176,0.6000161073054552,113.96442409694716,,,,,62
2024-06-30,677.5360737547119,,,,,,,0.8636027100670861,16.16664213946693,,,,,,,,,,,,,,,,,,,,,,,,,,,,,,,,,,,,,,,,,,,,,,,,,,,,,,,0.5172880144792353,57.013161043285,2.2979472534407654,58.69931395282952,1.516214843544938,72.40566734115528,,,,,,,,,,,,,,,,,,,,,,,,,,,,,,,0.0113230993033054,85.92601911255453,,,,,,,,,,,,,,,,,,,,,,,,,,,,,,,,,,,,,0.5428540851277218,59.21317028083523,,,,,,,,,,,,,,,,,,,0.1624265586383344,68.29519294015833,,,,,,,,,,,,,,,,,,,0.612333631361035,87.17281588555544,0.6000161073054552,115.6309300155866,,,0.3030841574520074,57.013161043285,62
2024-07-31,719.8618466744364,,,,,,,0.8636027100670861,14.387621017942338,,,,,,,,,,,,,,,,,,,,,,,,,,,,,,,,,,,,,,,,,,,,,,,,,,,,,,,0.5172880144792353,58.731673979692985,2.2979472534407654,56.78448793689659,1.516214843544938,67.65311717814156,,,,,,,,,,,,,,,,,,,,,,,,,,,,,,,0.0113230993033054,97.46335609891848,,,,,,,,,,,,,,,,,,,,,,,,,,,,,,,,,,,,,0.5428540851277218,71.11559151070276,,,,,,,,,,,,,,,,,,,0.1624265586383344,68.75562623418902,,,,,,,,,,,,,,,,,,,0.612333631361035,102.91242320130024,0.6000161073054552,116.85545324409892,,,0.3030841574520074,65.20249627255346,62
